metodo,orizzonte,P_raddoppio,P_rovina,P_in_corso,capitale_finale_medio,capitale_finale_mediano,P_sotto_25,giorni_mediani_al_raddoppio
"M1 ESMA 1:30, 0,01 lotti, nel trend",3 mesi,0.25748502994011974,0.4491017964071856,0.2934131736526946,51.65881327250663,41.70977541271522,0.4491017964071856,52.0
"M1 ESMA 1:30, 0,01 lotti, nel trend",6 mesi,0.30538922155688625,0.5149700598802395,0.17964071856287425,51.869747722865945,21.773789173789176,0.5149700598802395,55.0
"M2 ESMA 1:30, 0,01 lotti, contro il trend",3 mesi,0.25149700598802394,0.4431137724550898,0.30538922155688625,49.63411160963402,36.84261346446547,0.4550898203592814,38.5
"M2 ESMA 1:30, 0,01 lotti, contro il trend",6 mesi,0.3473053892215569,0.6047904191616766,0.04790419161676647,48.69201391538431,19.993732193732196,0.6107784431137725,59.0
"M3 leva 1:500, 0,05 lotti, nel trend",3 mesi,0.47904191616766467,0.5209580838323353,0.0,50.705560147705995,6.600341880341881,0.5209580838323353,2.0
"M3 leva 1:500, 0,05 lotti, nel trend",6 mesi,0.47904191616766467,0.5209580838323353,0.0,50.705560147705995,6.600341880341881,0.5209580838323353,2.0
"M4 martingala 1:500 (griglia 20 pip, lotto x2)",3 mesi,0.3413173652694611,0.6586826347305389,0.0,41.354222417055595,12.52603798149899,0.6586826347305389,4.0
"M4 martingala 1:500 (griglia 20 pip, lotto x2)",6 mesi,0.3413173652694611,0.6586826347305389,0.0,41.354222417055595,12.52603798149899,0.6586826347305389,4.0
"M5 variante C, 0,01 lotti (ESMA)",3 mesi,0.0,0.1337,0.8663,50.27627957053876,51.33072044557618,0.00965,
"M5 variante C, 0,01 lotti (ESMA)",6 mesi,0.00015,0.22855,0.7713,50.48286888959418,52.26773884430652,0.0225,
