scenario,orizzonte,rischio/trade %,rend. annuo mediano,capitale mediano (x),5° perc. (x),95° perc. (x),DD max mediano,DD max 95° perc.,P(DD>=10%),P(DD>=20%),P(DD>=30%),P(DD>=50%),P(rovina: -90%),storico: capitale (x),storico: DD max
edge pieno (in-sample),12 mesi,0.5,0.009787972098354802,1.009787972098355,0.9929285489506156,1.0268338554748018,0.006963126673012687,0.015151532522530054,0.0,0.0,0.0,0.0,0.0,,
edge pieno (in-sample),12 mesi,1.0,0.01959213806032445,1.0195921380603243,0.9858356812717683,1.054313570840611,0.013920575313923211,0.030188587607566347,0.0,0.0,0.0,0.0,0.0,,
edge pieno (in-sample),12 mesi,2.0,0.03914277917376585,1.039142779173766,0.9713478735250757,1.1111925830411673,0.027767176520523462,0.059763513109276335,0.00175,0.0,0.0,0.0,0.0,,
edge pieno (in-sample),12 mesi,5.0,0.0983343858255803,1.0983343858255803,0.9266158082421139,1.2988401260034612,0.0689588667459623,0.1449418788669908,0.2295,0.0055,0.0,0.0,0.0,,
edge pieno (in-sample),12 mesi,10.0,0.19648319166965944,1.1964831916696594,0.8473151084099824,1.6731677527480329,0.13557214490712083,0.2764796562469434,0.78125,0.2135,0.029,0.0005,0.0,,
edge pieno (in-sample),12 mesi,20.0,0.38379779794090196,1.383797797940902,0.6812899274402504,2.710092106687951,0.2642310632270178,0.49777223613723304,0.966,0.7795,0.3945,0.04825,0.0,,
edge pieno (in-sample),12 mesi,50.0,0.6927882714477887,1.6927882714477887,0.23939882915914365,9.701732446199621,0.5936409585201808,0.8837064831986362,1.0,0.98625,0.92,0.7165,0.0185,,
edge pieno (in-sample),intero periodo (181 mesi),0.5,0.010250286992549373,1.1662826616834125,1.0920030460144834,1.247806791305836,0.018230590298638105,0.030431871622643596,0.0,0.0,0.0,0.0,0.0,1.1637139887862524,0.02355088186174281
edge pieno (in-sample),intero periodo (181 mesi),1.0,0.02051686993856494,1.358431803751855,1.1907482695967386,1.5549746006501575,0.036284964602827374,0.06017403088624846,0.00025,0.0,0.0,0.0,0.0,1.3524639870175899,0.046709779531985185
edge pieno (in-sample),intero periodo (181 mesi),2.0,0.041080804229546186,1.8353699657002926,1.4096862308027402,2.405695333780397,0.07174399304095153,0.1176782879423837,0.12525,0.00025,0.0,0.0,0.0,1.8196162403129816,0.09186150370765134
edge pieno (in-sample),intero periodo (181 mesi),5.0,0.10304803724106892,4.390014241003078,2.2667705406722156,8.63382826050451,0.17341989924053836,0.2762086780768312,0.994,0.286,0.0245,0.00025,0.0,4.293540908908391,0.2181802902656239
edge pieno (in-sample),intero periodo (181 mesi),10.0,0.20611448411713373,16.889250673631757,4.467744538082231,65.31990780418482,0.32691913765794445,0.49294602704560136,1.0,0.99075,0.6435,0.0405,0.0,16.134690390490835,0.3996977842329711
edge pieno (in-sample),intero periodo (181 mesi),20.0,0.40285339176754087,164.9815393337873,11.067713406395509,2514.8197965855197,0.5772789851138314,0.7756752027310817,1.0,1.0,1.0,0.78525,0.00025,150.19129589465425,0.6665036213304305
edge pieno (in-sample),intero periodo (181 mesi),50.0,0.7172608526405864,3484.285553224542,2.5356748900477633,4042385.3812619755,0.9484662273807767,0.9964317055797833,1.0,1.0,1.0,1.0,0.133,2473.911837703497,0.9693116459552984
edge dimezzato,12 mesi,0.5,0.004896278868633086,1.004896278868633,0.9884453283848413,1.0205428770384966,0.008150477265176148,0.017763737875370562,0.0,0.0,0.0,0.0,0.0,,
edge dimezzato,12 mesi,1.0,0.009729576332354717,1.0097295763323548,0.9769041601413283,1.0414350606558431,0.016276665148633573,0.035318060577548716,0.0,0.0,0.0,0.0,0.0,,
edge dimezzato,12 mesi,2.0,0.019298417855917904,1.019298417855918,0.9537760872081106,1.0843399298658403,0.03243259650726793,0.06980268010826783,0.00475,0.0,0.0,0.0,0.0,,
edge dimezzato,12 mesi,5.0,0.0465549003311998,1.0465549003311998,0.8853348754979878,1.2213458160364115,0.07997972455714003,0.168264062318956,0.313,0.01725,0.0005,0.0,0.0,,
edge dimezzato,12 mesi,10.0,0.08634061300520346,1.0863406130052033,0.7743465655539961,1.4812076065138366,0.1561787619886329,0.3162049852657359,0.81375,0.298,0.06875,0.00125,0.0,,
edge dimezzato,12 mesi,20.0,0.14094344202390718,1.1409434420239073,0.5689984439153699,2.1299133011581715,0.29759255103940985,0.5567434820774554,0.98125,0.807,0.49425,0.102,0.0,,
edge dimezzato,12 mesi,50.0,0.04530980939372975,1.0453098093937299,0.14202377294841095,5.288839659400921,0.6456993473405703,0.9202640816664788,1.0,0.995,0.94275,0.77275,0.044,,
edge dimezzato,intero periodo (181 mesi),0.5,0.0051621832886763475,1.0807580022647931,1.01554404664379,1.1505702862774996,0.024231569789915253,0.0441860601818497,0.0,0.0,0.0,0.0,0.0,1.0784142600056164,0.028340809623286556
edge dimezzato,intero periodo (181 mesi),1.0,0.01026586975125321,1.1665540337172202,1.0299374103984882,1.3221278499579154,0.04811200758949913,0.08672948966600537,0.02175,0.0,0.0,0.0,0.0,1.1614814987751976,0.05604362029440124
edge dimezzato,intero periodo (181 mesi),2.0,0.020284162353408908,1.353767054451378,1.0552415938282913,1.7391132816157036,0.09469589733577388,0.16737900068418837,0.43575,0.01425,0.0,0.0,0.0,1.3420950527895485,0.10957385468245662
edge dimezzato,intero periodo (181 mesi),5.0,0.04881445664778816,2.052129970225531,1.0991233727448804,3.8422786754935334,0.2260377407637545,0.377267569999572,0.99975,0.661,0.1745,0.003,0.0,2.006915170776627,0.25585103448423796
edge dimezzato,intero periodo (181 mesi),10.0,0.09061744352555534,3.7002065282669316,1.0517816409708316,13.08326490854429,0.4164378330373788,0.6352865670459057,1.0,0.99925,0.9055,0.23475,0.0,3.5295212744438142,0.4564363862070002
edge dimezzato,intero periodo (181 mesi),20.0,0.14676467085424438,7.8898875021681905,0.6178070895665516,101.44378512035001,0.6973620294544469,0.9004539920370579,1.0,1.0,1.0,0.95675,0.013,7.201601326309371,0.72725274774924
edge dimezzato,intero periodo (181 mesi),50.0,0.030268516085952935,1.5679636186731334,0.0014047831603764519,1463.7040910140656,0.9897266183394021,0.9999057490414878,1.0,1.0,1.0,1.0,0.54575,1.1714422727178642,0.9907924356667918
edge nullo,12 mesi,0.5,2.5442425062638385e-05,1.0000254424250627,0.983661946956606,1.0147535056940138,0.009246948214368167,0.02108848627302294,0.0,0.0,0.0,0.0,0.0,,
edge nullo,12 mesi,1.0,-2.079264785298518e-05,0.999979207352147,0.9674736063191286,1.0296685121104314,0.018451087029770885,0.04185789584691959,0.0,0.0,0.0,0.0,0.0,,
edge nullo,12 mesi,2.0,-0.00029249680616683094,0.9997075031938332,0.9356002549733895,1.0598554708547299,0.03670013807101141,0.08240898135656216,0.013,0.0,0.0,0.0,0.0,,
edge nullo,12 mesi,5.0,-0.00299835666849696,0.997001643331503,0.8437278348057097,1.1531424656984643,0.09047415429566313,0.19661251115841288,0.43075,0.043,0.0015,0.0,0.0,,
edge nullo,12 mesi,10.0,-0.013995579060262164,0.9860044209397378,0.7022080565790458,1.3177033841343597,0.1761341642983289,0.3624245251636203,0.85425,0.4135,0.127,0.0025,0.0,,
edge nullo,12 mesi,20.0,-0.05739211975949138,0.9426078802405087,0.4650569578754269,1.6952105083537496,0.3340869343843949,0.6154630559154098,0.98925,0.8515,0.5895,0.174,0.0,,
edge nullo,12 mesi,50.0,-0.3545078692537229,0.6454921307462771,0.08338774932561979,3.0125768402677755,0.7019657700695798,0.9470084469674696,1.0,0.9975,0.963,0.824,0.087,,
edge nullo,intero periodo (181 mesi),0.5,9.199300564632917e-05,1.001388460487914,0.9436661205945509,1.0632145055655062,0.03935070020653564,0.0774059939479614,0.00725,0.0,0.0,0.0,0.0,0.9993607297660126,0.040279527378228264
edge nullo,intero periodo (181 mesi),1.0,9.474979216139712e-05,1.0014300966261993,0.8892207413120055,1.1289183398841864,0.07766840132417224,0.1497429698455696,0.2815,0.00325,0.0,0.0,0.0,0.9974429093883642,0.07931661963546133
edge nullo,intero periodo (181 mesi),2.0,-0.00016299745204667593,0.9975442763972561,0.7862820285680625,1.267557898342817,0.1514122171059855,0.27965199903762095,0.86025,0.2485,0.02925,0.0,0.0,0.9897908080447629,0.15374727382084963
edge nullo,intero periodo (181 mesi),5.0,-0.0029346650696876475,0.9566385918458418,0.5253588589344099,1.742445425439864,0.34850529359292076,0.5745708270115086,1.0,0.94725,0.66325,0.13625,0.0,0.9375010917222721,0.34946501396335017
edge nullo,intero periodo (181 mesi),10.0,-0.014395828140720435,0.8035505725139134,0.23888485058693537,2.691450671820071,0.6013043759819146,0.8378066848141222,1.0,1.0,0.993,0.7515,0.0045,0.7701738274737601,0.6031572786165463
edge nullo,intero periodo (181 mesi),20.0,-0.06323122325269542,0.3733551520534879,0.031141332130069147,4.379953480420369,0.8838142214884315,0.984247867106148,1.0,1.0,1.0,0.998,0.2885,0.3418806398329402,0.8856904748905384
edge nullo,intero periodo (181 mesi),50.0,-0.38092507463583053,0.0007224265790016231,6.44971505683843e-07,0.5498319057685429,0.999877913385012,0.9999998006849431,1.0,1.0,1.0,1.0,0.954,0.0005196632630583106,0.999852780109745
