universo,orizzonte,rischio/trade %,rend. annuo mediano,capitale mediano (x),5° perc. (x),95° perc. (x),DD max mediano,DD max 95° perc.,P(DD>=10%),P(DD>=20%),P(DD>=30%),P(DD>=50%),P(rovina: -90%),storico: capitale (x),storico: DD max
Portafoglio 6 strumenti,3 mesi,0.25,0.005266424485627308,1.0013140139030363,0.9965592791641925,1.0053088987163121,0.0014031402182119734,0.0044268378538797615,0.0,0.0,0.0,0.0,0.0,,
Portafoglio 6 strumenti,3 mesi,0.5,0.010526253120853868,1.0026212389179603,0.9931257968253858,1.0106427972901153,0.002806381172796746,0.008840556748707762,0.0,0.0,0.0,0.0,0.0,,
Portafoglio 6 strumenti,3 mesi,1.0,0.02109359043589243,1.0052321904606016,0.9862805109873574,1.0213859949882012,0.005613156285549703,0.017628717920518566,0.0,0.0,0.0,0.0,0.0,,
Portafoglio 6 strumenti,3 mesi,2.0,0.04230799815470032,1.010413214875652,0.9726763984145551,1.0431768167977937,0.011227816196406892,0.03511270456144178,0.0,0.0,0.0,0.0,0.0,,
Portafoglio 6 strumenti,3 mesi,5.0,0.10511192146504822,1.0253014368202005,0.9325504768823154,1.1110436452808459,0.028079370349929578,0.08696122653267313,0.02375,0.0,0.0,0.0,0.0,,
Portafoglio 6 strumenti,3 mesi,10.0,0.21199887379174065,1.0492417281405708,0.8663049322135199,1.2328740965991427,0.056181796149262775,0.17101726145286344,0.3,0.0195,0.0,0.0,0.0,,
Portafoglio 6 strumenti,3 mesi,20.0,0.44108648131158334,1.095651685157262,0.7271900576645185,1.5124419279987527,0.11238205537901558,0.3292294370500788,0.5555,0.29475,0.071,0.0,0.0,,
Portafoglio 6 strumenti,3 mesi,50.0,0.9130048817569443,1.1760587557315139,0.33427621156664,2.711893522272555,0.2784426734050164,0.7077533790892431,0.883,0.689,0.439,0.23925,0.0,,
Portafoglio 6 strumenti,6 mesi,0.25,0.005120556193914161,1.0025570089472944,0.9964836208153811,1.0089252603535528,0.002600282723756009,0.0056732072193845795,0.0,0.0,0.0,0.0,0.0,,
Portafoglio 6 strumenti,6 mesi,0.5,0.010255145003877808,1.0051144934801406,0.9929695051787238,1.017916798598881,0.005199857247518258,0.011329633007558626,0.0,0.0,0.0,0.0,0.0,,
Portafoglio 6 strumenti,6 mesi,1.0,0.020522873509978612,1.0102093216264532,0.9858982118079,1.036100104972775,0.010396860172931843,0.0225920141828998,0.0,0.0,0.0,0.0,0.0,,
Portafoglio 6 strumenti,6 mesi,2.0,0.04128542883578623,1.020433941365431,0.9717649169212805,1.07326058576856,0.020782131172673912,0.04491403654105509,0.0,0.0,0.0,0.0,0.0,,
Portafoglio 6 strumenti,6 mesi,5.0,0.10412306248318304,1.0507726017086079,0.9292169543520146,1.1908851020588103,0.051864986541934,0.11024171521870318,0.0875,0.00025,0.0,0.0,0.0,,
Portafoglio 6 strumenti,6 mesi,10.0,0.2101278516152023,1.100058110706476,0.8578684950415176,1.4122376626492157,0.10340622123289311,0.21356592599850333,0.51775,0.074,0.00375,0.0,0.0,,
Portafoglio 6 strumenti,6 mesi,20.0,0.42167004363157856,1.1923380150675127,0.7160005815288472,1.9622149445850507,0.20075867552693938,0.3989126852692264,0.80925,0.51525,0.19325,0.0095,0.0,,
Portafoglio 6 strumenti,6 mesi,50.0,0.8775333397340171,1.3702311256407884,0.3293823745017804,4.793666198577689,0.4749404763527325,0.787825235191101,0.98925,0.90025,0.70025,0.44875,0.00225,,
Portafoglio 6 strumenti,12 mesi,0.25,0.004982764204518819,1.0049827642045188,0.9962470641826524,1.0136088353742314,0.003440720835807598,0.007649679964509976,0.0,0.0,0.0,0.0,0.0,,
Portafoglio 6 strumenti,12 mesi,0.5,0.009962757378439102,1.009962757378439,0.9924754625076366,1.0273854984364164,0.006874203174614291,0.015260547281834574,0.0,0.0,0.0,0.0,0.0,,
Portafoglio 6 strumenti,12 mesi,1.0,0.019970713127599016,1.019970713127599,0.9848789413564935,1.0554488587033475,0.01371948901264286,0.030371663052118626,0.0,0.0,0.0,0.0,0.0,,
Portafoglio 6 strumenti,12 mesi,2.0,0.0400476854186147,1.0400476854186147,0.9695863014022487,1.1136280932843952,0.027323601585445112,0.06016238480709501,0.001,0.0,0.0,0.0,0.0,,
Portafoglio 6 strumenti,12 mesi,5.0,0.10085002291008782,1.100850022910088,0.922119695360271,1.3050652166349612,0.06773668881668732,0.14592014974710382,0.22175,0.0055,0.0,0.0,0.0,,
Portafoglio 6 strumenti,12 mesi,10.0,0.20220462908004533,1.2022046290800454,0.8390469676039104,1.6929582594224932,0.13413592349651066,0.27788365720203073,0.779,0.20775,0.02625,0.0,0.0,,
Portafoglio 6 strumenti,12 mesi,20.0,0.3934881559442521,1.3934881559442522,0.6668497249560055,2.7658430120286894,0.2602614931496154,0.49902047548712625,0.96825,0.77425,0.3885,0.049,0.0,,
Portafoglio 6 strumenti,12 mesi,50.0,0.7239786982274976,1.7239786982274976,0.22669686271458536,10.066031934851702,0.5921479838882238,0.8832392460317604,1.0,0.991,0.92025,0.7235,0.01975,,
Portafoglio 6 strumenti,intero periodo (181 mesi),0.25,0.0051516875958581565,1.0805877986078523,1.0451665598665638,1.1164999722070317,0.009157834628146178,0.015248927657736873,0.0,0.0,0.0,0.0,0.0,1.0789315953225964,0.011824588754128618
Portafoglio 6 strumenti,intero periodo (181 mesi),0.5,0.010308406442875895,1.1672951021397915,1.0920355997033389,1.2462318679160844,0.018259459748949047,0.030313445528451034,0.0,0.0,0.0,0.0,0.0,1.1637139887862524,0.02355088186174281
Portafoglio 6 strumenti,intero periodo (181 mesi),1.0,0.020635170530260982,1.3608089529377883,1.1904188255598398,1.5512820889673817,0.03630564119225371,0.059982177614950054,0.0005,0.0,0.0,0.0,0.0,1.3524639870175899,0.046709779531985185
Portafoglio 6 strumenti,intero periodo (181 mesi),2.0,0.041339767401114336,1.842268156914301,1.4093087523586019,2.3941600341766307,0.07184925013541371,0.11719630197219898,0.12425,0.0005,0.0,0.0,0.0,1.8196162403129816,0.09186150370765134
Portafoglio 6 strumenti,intero periodo (181 mesi),5.0,0.10372372249062534,4.430751145911026,2.2592359975925955,8.562736659436409,0.17381124895678768,0.27496225774881106,0.9935,0.28575,0.026,0.00025,0.0,4.293540908908391,0.2181802902656239
Portafoglio 6 strumenti,intero periodo (181 mesi),10.0,0.20755568012124714,17.196234723311704,4.44959363234189,64.6748537722131,0.3275619967874106,0.48959139003814756,1.0,0.99025,0.64625,0.041,0.0,16.134690390490835,0.3996977842329711
Portafoglio 6 strumenti,intero periodo (181 mesi),20.0,0.4052840470546004,169.346185413375,11.312494231260306,2505.438876117219,0.579342234722273,0.7739482535711999,1.0,1.0,1.0,0.783,0.0,150.19129589465425,0.6665036213304305
Portafoglio 6 strumenti,intero periodo (181 mesi),50.0,0.7181518867782472,3511.657803484415,2.3593979346944316,3944333.834979736,0.9489837682762923,0.9965810009401744,1.0,1.0,1.0,1.0,0.13575,2473.911837703497,0.9693116459552984
Solo EURUSD,3 mesi,0.25,0.0,1.0,0.9976198168161399,1.0015690010691831,4.6763072121480675e-05,0.0024361619701347426,0.0,0.0,0.0,0.0,0.0,,
Solo EURUSD,3 mesi,0.5,0.0,1.0,0.9952396336322797,1.0031386967013864,9.352614424296135e-05,0.0048704770477954185,0.0,0.0,0.0,0.0,0.0,,
Solo EURUSD,3 mesi,1.0,0.0,1.0,0.9904792672645595,1.006280157358153,0.0001870522884859227,0.009733566525694126,0.0,0.0,0.0,0.0,0.0,,
Solo EURUSD,3 mesi,2.0,0.0,1.0,0.9809585345291189,1.01257125569714,0.0003741045769719564,0.019437582771801187,0.0,0.0,0.0,0.0,0.0,,
Solo EURUSD,3 mesi,5.0,0.0,1.0,0.9523963363227972,1.0315078757623555,0.0009352614424297245,0.048372329832601424,0.0,0.0,0.0,0.0,0.0,,
Solo EURUSD,3 mesi,10.0,0.0,1.0,0.9047926726455943,1.063576887568182,0.00187052288485956,0.09600590267553033,0.0285,0.0,0.0,0.0,0.0,,
Solo EURUSD,3 mesi,20.0,0.0,1.0,0.8109432226076295,1.1297458800284594,0.00374104576971912,0.18905677739237048,0.15725,0.0285,0.0,0.0,0.0,,
Solo EURUSD,3 mesi,50.0,0.0,1.0,0.5495207662092492,1.3443159216322909,0.00935261442429769,0.45047923379075083,0.33575,0.1995,0.1035,0.011,0.0,,
Solo EURUSD,6 mesi,0.25,0.000519220633307893,1.0002595766256386,0.9972726770349362,1.0023964069257818,0.0005604407900493547,0.0030325851658106195,0.0,0.0,0.0,0.0,0.0,,
Solo EURUSD,6 mesi,0.5,0.001036450054765603,1.0005180908128848,0.9945469911144111,1.0047967327661955,0.0011208815800987093,0.006061806430106231,0.0,0.0,0.0,0.0,0.0,,
Solo EURUSD,6 mesi,1.0,0.0020649169991290295,1.001031926027851,0.9891005658250758,1.009609153044766,0.0022417631601973076,0.012110131487202969,0.0,0.0,0.0,0.0,0.0,,
Solo EURUSD,6 mesi,2.0,0.004097755553482019,1.0020467828145374,0.9782277496383637,1.0192811507718742,0.004483526320394726,0.02416613196191275,0.0,0.0,0.0,0.0,0.0,,
Solo EURUSD,6 mesi,5.0,0.009911393995370665,1.0049434779803028,0.945877537570975,1.0486760943890112,0.011208815800986649,0.06000526863186251,0.002,0.0,0.0,0.0,0.0,,
Solo EURUSD,6 mesi,10.0,0.01880890410323155,1.0093606383606009,0.8924322667497404,1.0989419881071596,0.02241763160197341,0.11861690074432174,0.09125,0.0015,0.0,0.0,0.0,,
Solo EURUSD,6 mesi,20.0,0.03262152695833176,1.0161798631628005,0.7906025515625608,1.2043340051170683,0.04483526320394671,0.23086205311904567,0.28725,0.091,0.01025,0.0,0.0,,
Solo EURUSD,6 mesi,50.0,0.07629214538325169,1.0374450041107046,0.5091097198500455,1.5609012426793487,0.11208815800986682,0.530128001097629,0.55125,0.3585,0.21525,0.0585,0.0,,
Solo EURUSD,12 mesi,0.25,0.00032057001978780253,1.0003205700197877,0.9963463634891186,1.0032461018261047,0.0014147160553419358,0.0044163409333043465,0.0,0.0,0.0,0.0,0.0,,
Solo EURUSD,12 mesi,0.5,0.0006378106659989946,1.000637810665999,0.9927008740849861,1.0065004291055166,0.002828720273668761,0.008820473501557463,0.0,0.0,0.0,0.0,0.0,,
Solo EURUSD,12 mesi,1.0,0.001269231873565646,1.0012692318735656,0.9854343222872772,1.013033815747013,0.005654593199276914,0.017592177978171364,0.0,0.0,0.0,0.0,0.0,,
Solo EURUSD,12 mesi,2.0,0.0025116340315735064,1.0025116340315736,0.9709327742551354,1.0261985833599048,0.011297797006310617,0.03498979490391275,0.0,0.0,0.0,0.0,0.0,,
Solo EURUSD,12 mesi,5.0,0.005928046993127878,1.005928046993128,0.9276697644895336,1.0664525706422923,0.02815907207395274,0.08602555795486799,0.0215,0.0,0.0,0.0,0.0,,
Solo EURUSD,12 mesi,10.0,0.010723364177335104,1.010723364177335,0.8579264019689591,1.1357254353151915,0.05603340934182666,0.16728957736763927,0.22075,0.01725,0.0005,0.0,0.0,,
Solo EURUSD,12 mesi,20.0,0.01606734310430591,1.016067343104306,0.7273286759171022,1.2849013260755848,0.11092787945933746,0.31604022240739504,0.51375,0.21675,0.06125,0.001,0.0,,
Solo EURUSD,12 mesi,50.0,0.007349455000875915,1.007349455000876,0.3952782278289659,1.8269231626430429,0.268777654465976,0.6609794145383548,0.81075,0.60025,0.41625,0.1695,0.00025,,
Solo EURUSD,intero periodo (179 mesi),0.25,0.00012004859873493423,1.0017922215663118,0.9883751696197844,1.0150409544418968,0.007713016769701209,0.01633627493072219,0.0,0.0,0.0,0.0,0.0,1.0013711433638017,0.013152056323361805
Solo EURUSD,intero periodo (179 mesi),0.5,0.00023670285055099605,1.0035366389105493,0.9768194975255704,1.030274156807914,0.01538696749674634,0.03244570680575393,0.0,0.0,0.0,0.0,0.0,1.002688033315027,0.026162755493632783
Solo EURUSD,intero periodo (179 mesi),1.0,0.0004598022220153597,1.0068807042060324,0.9539530172852309,1.0613097454229596,0.0306072644254734,0.06408413692997655,0.00125,0.0,0.0,0.0,0.0,1.0051577545912367,0.05176452727620384
Solo EURUSD,intero periodo (179 mesi),2.0,0.0008679284259889286,1.0130250810251287,0.9091714419894866,1.125248138082972,0.06066254642090002,0.12473976030848385,0.13325,0.0005,0.0,0.0,0.0,1.0094323080735603,0.1013204473186129
Solo EURUSD,intero periodo (179 mesi),5.0,0.0017420012924698192,1.0263022007702935,0.7819446356684601,1.3357589149289635,0.14755979126354274,0.28847369194947853,0.81025,0.24,0.038,0.0,0.0,1.0167811594269363,0.23743083552414668
Solo EURUSD,intero periodo (179 mesi),10.0,0.0019689570153982316,1.0297760995576875,0.5943809562402667,1.754839390412335,0.28077080767947554,0.5059651659223694,0.996,0.7955,0.43575,0.05375,0.0,1.0100658573154335,0.426416793012387
Solo EURUSD,intero periodo (179 mesi),20.0,-0.00225388129844567,0.9669018060011209,0.3134950852470653,2.8457190293444117,0.5052427504395356,0.7785161862544194,1.0,0.9955,0.926,0.5145,0.001,0.9255682435687046,0.6896966688572657
Solo EURUSD,intero periodo (179 mesi),50.0,-0.05657060809858688,0.41951605287605576,0.019071365167574992,7.5805488422985965,0.8954016343691991,0.9908442310581179,1.0,1.0,1.0,0.99275,0.3205,0.3514003668746764,0.9686969997346279
