label,n_trades,n_core,n_ov,win_rate,pf,payoff,dur_core_d,dur_ov_d,wr_ov,net_profit,net_pct,gross_profit,gross_core,gross_ov,costs_exec,costs_core,costs_ov,spread,comm,slip,swap,swap_core,swap_ov,net_core,net_ov,gross_to_cost,daily_mean,daily_med,monthly_mean,cagr,pos_days,active_pos_days,sharpe,max_dd,avg_dd,recovery,mar,exp_net_avg,exp_gross_avg,exp_gross_max,margin_max,margin_avg,best_day,worst_day,years,halted,sym
core_only,38,38,0,0.42105263157894735,1.1527734076410308,1.5850634355064173,61.347587719298225,,,2075.0228831197746,0.020750228831197745,4331.035083714871,4331.035083714871,0.0,153.43912489962906,153.43912489962906,0.0,20.95457446484841,90.98325305625234,41.50129737852833,-2069.2886389251385,-2069.2886389251385,0.0,2108.3073198901034,0.0,1.9485225110349211,5.816404791474756e-06,0.0,0.00012688235955700581,0.0013385303735460319,0.21303258145363407,0.5044510385756676,0.0798121100224193,0.056908175045565,0.007452084364973815,0.33904034391321025,0.023520880303652382,0.13853147969829813,0.13853147969829813,0.6815080585343904,0.02271693528447968,0.00461771598994327,0.010612980410762862,-0.009965560527880002,15.353867214236825,False,EUR_USD
core_only,43,43,0,0.32558139534883723,0.604306720118656,1.2517782059600735,52.541666666666664,,,-7467.1473006796,-0.07467147300679601,-5205.613101300429,-5205.613101300429,0.0,192.49536901793442,192.49536901793442,0.0,47.42931415716592,94.06912146765566,50.99693339311283,-2069.038830361214,-2069.038830361214,0.0,-7467.147300679577,0.0,-2.3018060495081207,-1.8887726912678712e-05,0.0,-0.0004093917359681752,-0.0050417681409699044,0.19548872180451127,0.47648136835675015,-0.2826911857916856,0.09233160109948935,0.01727756195670242,-0.7934164650522907,-0.05460501151211802,0.12709123442902526,0.12709123442902526,0.590947475941694,0.019698249198056465,0.004236374480967508,0.006334402083927548,-0.006758347895963301,15.353867214236825,False,GBP_USD
core_only,38,38,0,0.34210526315789475,1.3366847528459822,2.5705476016268887,65.82785087719297,,,4961.445856013408,0.04961445856013408,6100.405987647417,6100.405987647417,0.0,193.87420171818707,193.87420171818707,0.0,65.29742039472585,75.40826602169896,53.16851530176225,-945.0859299154362,-945.0859299154362,0.0,4961.445856013794,0.0,5.356118988025978,1.298863704596799e-05,0.0,0.0002794979014110273,0.0031587711417520037,0.23233082706766917,0.51300498063088,0.1578482468647818,0.055051367101342175,0.011135788185366244,0.8335732839220938,0.0573786139758733,0.1182361824724777,0.1182361824724777,0.41617748277314515,0.020808874138657257,0.005911809123623885,0.01399696447454768,-0.011558068273250122,15.353867214236825,False,AUD_USD
core_only,38,38,0,0.34210526315789475,1.2660983721065335,2.434804561743334,59.74561403508771,,,4185.777232850727,0.04185777232850727,7380.704313437557,7380.704313437557,0.0,238.07496699726875,238.07496699726875,0.0,70.92409117861185,96.22678464004508,70.92409117861185,-2956.8521135894875,-2956.8521135894875,0.0,4185.777232850802,0.0,2.3101323214181377,1.1163411928524317e-05,0.0,0.0002462497490700219,0.002674260742799417,0.20827067669172933,0.5073260073260073,0.13305206836954656,0.08983914490302769,0.0110386883058209,0.4340099760504795,0.029767210559339275,0.1465882075532638,0.1465882075532638,0.6690152235321059,0.022300507451070196,0.004886273585108794,0.014022907113369065,-0.012729064206396412,15.353867214236825,False,USD_CAD
core_only,35,35,0,0.4,1.3199337844876533,1.9799006767314797,61.75714285714287,,,3832.533228683271,0.03832533228683271,4641.710159247231,4641.710159247231,0.0,137.74632363106392,137.74632363106392,0.0,51.55023729198821,70.76301747881493,15.433068860260782,-576.864917634411,-576.864917634411,0.0,3927.0989179817557,0.0,6.495434008325173,1.011775899933981e-05,0.0,0.00021910328521977662,0.002452493344542672,0.19774436090225564,0.5070694087403599,0.13649435994370418,0.04440431848751081,0.011327819470397278,0.8175782240282712,0.05523096464665846,0.10609017047462285,0.10609017047462285,0.4785967842365084,0.01595322614121695,0.0035363390158207617,0.017949154177842708,-0.012967890122768777,15.353867214236825,False,EUR_JPY
core_only,42,42,0,0.3333333333333333,0.9995453789100762,1.9990907578201522,51.166666666666664,,,-7.662571510460111,-7.662571510460111e-05,-1260.4296521378471,-1260.4296521378471,0.0,193.80321313227748,193.80321313227748,0.0,99.83939576652025,67.3919045157944,26.571912849962832,1446.5702937596368,1446.5702937596368,0.0,-7.662571510487851,0.0,-6.503657146682907,8.306698217071296e-07,0.0,1.3884769733744374e-05,-4.990824703288155e-06,0.19598997493734335,0.5019255455712451,0.010109048737649949,0.0981324848268128,0.010493531617536269,-0.0007262904509329806,-5.085802843060699e-05,0.0890515669961055,0.0890515669961055,0.46316178865658847,0.02315808943282942,0.0044525783498052755,0.018229433693173203,-0.016360463257116487,15.353867214236825,False,AUD_JPY
core_only,39,39,0,0.38461538461538464,1.1475528129563273,1.8360845007301236,49.384615384615394,,,2124.514079742541,0.02124514079742541,5611.052065157719,5611.052065157719,0.0,192.83895761850914,192.83895761850914,0.0,102.25491662477681,28.939653973548275,61.644387020184084,-3303.967887515524,-3303.967887515524,0.0,2114.2452200236858,0.0,1.6046216773356397,6.5203169588767544e-06,0.0,0.00014007648167284418,0.0014871717021487374,0.19280065448595582,0.5086330935251798,0.0824604776260556,0.07196236236031228,0.017540870371854856,0.2804868510688041,0.020665965559920563,0.070890401913065,0.070890401913065,0.3362941304661719,0.016814706523308597,0.0035445200956532507,0.01776380621530782,-0.011134669980407463,14.146475017111568,False,XAU_USD
core_only,45,45,0,0.4666666666666667,1.315149515551718,1.5030280177733923,64.91296296296298,,,4928.744766733726,0.04928744766733725,9109.715087748218,9109.715087748218,0.0,591.9890935360929,591.9890935360929,0.0,331.767720116039,0.0,260.2213734200539,-3588.981227478454,-3588.981227478454,0.0,4928.744766733671,0.0,2.178851890423769,1.279841388162335e-05,0.0,0.0002733170285205911,0.0031384125579494437,0.2884518406454866,0.5478927203065134,0.17588138338604747,0.059188643546543074,0.007633141282527601,0.7860346640729445,0.053023897320463996,0.08983814927715632,0.08983814927715632,0.3153699875474723,0.015768499377373613,0.004491907463857816,0.009131587066034674,-0.009549894992863406,15.353867214236825,False,NAS100_USD
core_only,42,42,0,0.42857142857142855,1.2949390056117465,1.726585340815662,66.07539682539684,,,3911.0048686489754,0.039110048686489755,7747.0470597933545,7747.0470597933545,0.0,545.2924980627516,545.2924980627516,0.0,285.83689062041464,0.0,259.455607442337,-3290.7496930816046,-3290.7496930816046,0.0,3911.0048686489986,0.0,2.019541671798526,1.029179898611398e-05,0.0,0.0002185581280746768,0.002501818893340557,0.2700453857791225,0.5392749244712991,0.14692140950795737,0.052956044697831994,0.0071451364528169635,0.6941652332921561,0.047243311082162086,0.10586347650537496,0.10586347650537496,0.41336440961439724,0.02066822048071986,0.005293173825268748,0.009672938893400485,-0.010666867434148797,15.353867214236825,False,SPX500_USD
core_only,44,44,0,0.22727272727272727,0.34801197556826025,1.1832407169320847,55.51136363636365,,,-11985.12871261379,-0.1198512871261379,-9977.485572661817,-9977.485572661817,0.0,284.7084360354906,284.7084360354906,0.0,142.3542180177453,0.0,142.3542180177453,-1722.9347039163695,-1722.9347039163695,0.0,-11985.128712613678,0.0,-4.9697505368912624,-3.2084567648725184e-05,0.0,-0.0006859208339799683,-0.008281802108807024,0.22136422136422138,0.4973973395026027,-0.40890698272958287,0.1384326996483486,0.025527035087565993,-0.850469201869572,-0.05982547569934515,0.08895541557000711,0.08895541557000711,0.3653356296008057,0.01826678148004028,0.004447770778500355,0.009521243599527551,-0.010110386227936474,15.351129363449692,False,UK100_GBP
core_only,43,43,0,0.27906976744186046,1.2443684957278196,3.2146186139635335,53.608527131782964,,,4324.450272202128,0.04324450272202128,7700.736023437662,7700.736023437662,0.0,629.6986170355019,629.6986170355019,0.0,339.06848609603963,0.0,290.6301309394623,-2746.587134199728,-2746.587134199728,0.0,4324.450272202432,0.0,2.280830649662965,1.1561342712603532e-05,0.0,0.00024719346446356845,0.0027611279041641623,0.2150971976773542,0.5123271196632592,0.13886876214347724,0.06781783990965162,0.013783210306973407,0.575033902942137,0.040713887493948435,0.06648888588736764,0.06648888588736764,0.3485563532231324,0.017427817661156617,0.0033244442943683814,0.013139740951983336,-0.013765908889945555,15.353867214236825,False,JP225_USD
core_only,42,42,0,0.30952380952380953,1.2332144599630384,2.7510168722252395,55.74702380952382,,,4461.282563931221,0.044612825639312216,7235.952361965514,7235.952361965514,0.0,313.88121703191126,313.88121703191126,0.0,196.14857013293118,0.0,117.73264689898008,-2510.5470960789116,-2510.5470960789116,0.0,4411.524048854691,0.0,2.561917513847552,1.1852026842821371e-05,0.0,0.0002576138053836711,0.0028467362465394164,0.21536905965621841,0.5083532219570406,0.14693734838013506,0.0856369972366835,0.012025095006429705,0.4931274472957282,0.033241897058482885,0.04053547634933236,0.04053547634933236,0.22038438853631706,0.022038438853631704,0.004053547634933236,0.018110952288049154,-0.007503353698331661,15.353867214236825,False,WTICO_USD
core+overlay,183,38,145,0.3989071038251366,1.0822237047503265,1.6307480482539165,61.347587719298225,3.5928160919540226,0.3931034482758621,1656.384470229823,0.016563844702298228,4400.577389228277,4416.824112265032,-16.24672303675569,400.49967637441216,154.02177093988288,246.4779054345293,56.93185183274264,237.36254234101378,106.20528220065579,-2310.481838319471,-2084.509797870121,-225.97204044935023,2178.2925434550284,-488.6966689206352,1.6232413852239707,4.7439099720851876e-06,0.0,0.00010403149663191937,0.0010705415251217598,0.21929824561403508,0.4951895868704018,0.06726472591926036,0.06678703423504317,0.009049929417806147,0.22912635794084474,0.016029181971970938,0.13318792198098833,0.15033949317387763,0.9326377617634007,0.031087925392113358,0.005011316439129255,0.010612980410762862,-0.00997512229776576,15.353867214236825,False,EUR_USD
core+overlay,198,43,155,0.3888888888888889,0.6191398117171095,0.9729339898411722,52.541666666666664,3.3626344086021507,0.4064516129032258,-9419.126058809663,-0.09419126058809663,-6719.084615992925,-5150.954653625886,-1568.1299623670393,490.48456161969995,191.31409725571189,299.17046436398806,120.11538315575994,240.69203251252736,129.67714595141263,-2209.5568811969947,-2062.2377866160427,-147.31909458095194,-7404.50653749764,-2014.6195213119793,-2.4885116611334483,-2.4269609554412083e-05,0.0,-0.000525157106923761,-0.006422426422172167,0.19423558897243107,0.45641931684334514,-0.3763420362692158,0.11533062994635046,0.021603782557155754,-0.7976464367350184,-0.05568708351944105,0.1195793272628291,0.13971970508195947,0.8855011929062457,0.029516706430208192,0.0046573235027319825,0.006334402083927548,-0.006758347895963079,15.353867214236825,False,GBP_USD
core+overlay,212,38,174,0.419811320754717,1.2288164366311831,1.6982519292768037,65.82785087719297,3.865421455938697,0.4367816091954023,5236.105505743952,0.052361055057439515,7092.603830379677,6114.591240748413,978.0125896312641,551.9410359041599,193.08418137392434,358.8568545302356,180.2890586666364,220.66383597701207,150.9881412605114,-1304.5572887317119,-938.5947458695472,-365.96254286216464,4982.912313504941,253.1931922388639,3.820420269849045,1.3586219993972263e-05,0.0,0.00029180346366061764,0.0033295312051184744,0.23709273182957394,0.49868212967843967,0.17095658220760165,0.04049399595133352,0.011609254876299616,1.1966691251475077,0.08222283642048986,0.11170495406180896,0.1316922578280327,0.8249268541118833,0.041246342705594165,0.006584612891401635,0.014005734956371585,-0.011565109085557301,15.353867214236825,False,AUD_USD
core+overlay,184,38,146,0.33152173913043476,0.9941212286662415,2.0045395266548804,59.74561403508771,3.114440639269407,0.3287671232876712,-139.58325359490118,-0.0013958325359490118,3580.4660467925833,7207.552023713679,-3627.0859769210956,653.8992231127751,232.65481043534834,421.24441267742674,204.65548155874507,259.1474572647888,190.09628428924128,-3066.150077274807,-2898.8627436379566,-167.2873336368501,4076.0344696403736,-4215.617723235372,0.9624781172710652,5.02535977091695e-07,0.0,1.5492708845021732e-05,-9.097018121118072e-05,0.21002506265664161,0.48977206312098187,0.006106762193352438,0.09684626692990073,0.011267997506659175,-0.013778907516726242,-0.0009393256353084499,0.14090465378597283,0.15959143864535938,1.0920977480894178,0.036403258269647264,0.00531971462151198,0.014022907113368843,-0.01272906420639619,15.353867214236825,False,USD_CAD
core+overlay,169,35,134,0.40828402366863903,1.1455218790569783,1.6601766363144614,61.75714285714287,3.381840796019901,0.41044776119402987,2623.687853482741,0.02623687853482741,3826.8038174778585,4627.001972435342,-800.1981549574841,349.15922703505936,136.8884549710493,212.27077206401006,133.8590853488422,177.17041940395572,38.12972228226144,-760.4387183989015,-573.9106405076525,-186.52807789124907,3916.2028769566405,-1198.9970049127433,3.4488202084595656,7.142866826289331e-06,0.0,0.00015506797148541474,0.0016882033957361653,0.19924812030075187,0.49013563501849566,0.0992749340288492,0.04232271814819122,0.012537198444173827,0.5934181325817103,0.03988882258991476,0.1019335165890073,0.11483916777570316,0.8518981948206725,0.028396606494022415,0.003827972259190105,0.015628962319743867,-0.012972451903406568,15.353867214236825,False,EUR_JPY
core+overlay,186,42,144,0.4032258064516129,0.9516726523343023,1.4084755254547674,51.166666666666664,3.564236111111111,0.4236111111111111,-1172.3461146735062,-0.011723461146735063,-1859.4439001386863,-1217.3620106194687,-642.0818895192177,453.6788837825492,193.01750615375803,260.6613776287912,225.93379086093722,163.69702891811284,64.04806400349915,1140.7766692475057,1445.7756175379338,-304.99894829042825,35.39610076470717,-1207.7422154384371,-4.098590361172569,-2.1382716136881937e-06,0.0,-5.109445838495652e-05,-0.0007677671688089971,0.20100250626566415,0.4884287454323995,-0.02653465222043013,0.11071500405693246,0.013149868317853879,-0.0981337287953216,-0.0069346262085145365,0.08619466286648637,0.09719707979953686,0.6974253825557926,0.03487126912778963,0.004859853989976843,0.018266671583499816,-0.016392314542980624,15.353867214236825,False,AUD_JPY
core+overlay,136,39,97,0.41911764705882354,1.057969929837859,1.4663092010033487,49.384615384615394,3.728951890034365,0.4329896907216495,1060.6185070881766,0.010606185070881766,4837.803173696913,5569.500495567951,-731.6973218710369,385.3656578921781,191.19703342109878,194.16862447107934,203.0766725230775,58.378372454390544,123.9106129147101,-3401.9907491834533,-3278.858987139105,-123.13176204434832,2099.4444750077464,-1048.9977083864646,1.277356196173883,3.6332050940440646e-06,0.0,7.802608030913613e-05,0.0007460706076138912,0.19361876193073357,0.48999309868875085,0.04688734145604411,0.06790445407252765,0.02476618646491975,0.15023015735900372,0.010987064365719298,0.06849129266104766,0.07581072094287222,0.4937655604038813,0.024688278020194063,0.003790536047143611,0.017772425801845015,-0.011150120417364517,14.146475017111568,False,XAU_USD
core+overlay,187,45,142,0.39572192513368987,1.1128920375660527,1.69941621952654,64.91296296296298,3.441607981220657,0.3732394366197183,2550.4367489147407,0.025504367489147407,7685.0411924995315,8986.802049722006,-1301.7608572224742,1372.935075812619,586.220890073047,786.714185739572,769.5137761346818,0.0,603.4212996779372,-3761.6693677720395,-3540.831886011957,-220.83748176008234,4859.749273637001,-2309.3125247221287,1.496715331616532,6.990157238794507e-06,0.0,0.00014833013848167265,0.0016416205213292123,0.29374684820978314,0.5346489215236347,0.09809416727736585,0.07394755898072225,0.008116437370597371,0.3326337845612942,0.022199793258316673,0.08805114880185416,0.09511628690577628,0.4608357028198339,0.023041785140991693,0.004755814345288814,0.009131587066034674,-0.009549894992863406,15.353867214236825,False,NAS100_USD
core+overlay,184,42,142,0.375,1.061798016119064,1.7696633601984402,66.07539682539684,3.0413732394366195,0.3591549295774648,1249.8467737756,0.012498467737756,6070.991506069403,7597.161596753999,-1526.170090684596,1290.839275182851,539.759115530734,751.0801596521169,671.5694939119278,0.0,619.2697812709231,-3530.3054571109733,-3254.604804250625,-275.7006528603482,3802.7976769726406,-2552.9509031970615,1.2592427407133495,3.7062014237228265e-06,0.0,7.743776748956792e-05,0.0008093096039520908,0.2740796772566818,0.5251207729468599,0.05489477271045079,0.07002818628708607,0.009848703566717572,0.17277097596808927,0.011556912250079737,0.10430808590513244,0.11164060422092408,0.7220818668659774,0.03610409334329887,0.005582030211046204,0.009672938893400485,-0.010666867434148908,15.353867214236825,False,SPX500_USD
core+overlay,157,44,113,0.2802547770700637,0.3993159461975829,1.0255159527347015,55.51136363636365,4.025073746312684,0.3008849557522124,-14603.084614855572,-0.14603084614855572,-11972.76500284259,-9676.306190014695,-2296.4588128278956,560.8631581592178,279.6880145769426,281.17514358227527,282.3379544945522,0.0,278.5252036646656,-2069.456453854096,-1712.228144031025,-357.22830982307084,-11668.222348622663,-2934.862266233242,-4.551828967156707,-3.989641141690502e-05,0.0,-0.0008500414225696116,-0.010230603572303876,0.22934362934362934,0.48450244698205547,-0.5220043853243632,0.16460042350033743,0.029393607648650035,-0.8723098136650962,-0.062154175273327304,0.0872569403078156,0.09583705568019198,0.47894411111601576,0.023947205555800787,0.0047918527840095995,0.009521243599527551,-0.010110386227936474,15.351129363449692,False,UK100_GBP
core+overlay,169,43,126,0.3727810650887574,1.1109521785137333,1.8692211257532656,53.608527131782964,3.7926587301587302,0.40476190476190477,2715.0131447515596,0.027150131447515595,6980.893051646028,7691.393999194753,-710.5009475487251,1338.1403635673348,624.9076259306414,713.2327376366934,737.222038035658,0.0,600.9183255316767,-2927.739543327134,-2729.6553821020348,-198.0841612250993,4336.830991162076,-1621.8178464105176,1.6364485648936304,7.609294052977676e-06,0.0,0.00016206588470619345,0.0017462367454716965,0.22191365816712952,0.4994318181818182,0.09283695311933773,0.06636593946851843,0.014470517496290712,0.37242451915229496,0.026312243290099843,0.06496503065969941,0.07136549220006513,0.3931875970170775,0.019659379850853875,0.0035682746100032573,0.013168048536908339,-0.01379400431619704,15.353867214236825,False,JP225_USD
core+overlay,191,42,149,0.41361256544502617,1.133538974121034,1.6070425962222255,55.74702380952382,3.4614093959731536,0.4429530201342282,3362.8254231406027,0.03362825423140603,6761.011708536984,7139.1862846124,-378.174576075417,780.7286232163899,309.2685177881118,471.46010542827815,494.97769783058874,0.0,285.7509253858012,-2622.2000810322934,-2483.3708145174974,-138.8292665147962,4346.546952306791,-988.4639480184915,1.9868214400423991,9.122069322098494e-06,0.0,0.000199056920554755,0.0021565146892528197,0.2186552072800809,0.4948512585812357,0.11729817374232024,0.09387470206947834,0.012719648485612467,0.3433699082593078,0.022972266667293864,0.03887255618716217,0.04411837861686964,0.3246241429190451,0.03246241429190451,0.004411837861686963,0.01810935873772812,-0.00750335369833155,15.353867214236825,False,WTICO_USD
overlay_alone,145,0,145,0.3931034482758621,0.9331833884716894,1.4407041786931345,,3.5928160919540226,0.3931034482758621,-438.6067215262301,-0.004386067215262301,25.31236785075795,0.0,25.31236785075795,242.11617740509666,0.0,242.11617740509666,35.273937875148,143.50674007663727,63.33549945331139,-221.80291197176277,0.0,-221.80291197176277,0.0,-438.6067215261015,0.05456203124721116,-1.0685733377627885e-06,0.0,-2.3040271448567264e-05,-0.00028625264195314415,0.03984962406015038,0.4087403598971722,-0.0658946581664205,0.03331066238893532,0.004888504288937551,-0.12869547650151636,-0.00859342388965005,0.011702416412510023,0.011702416412510023,0.428346557735871,0.014278218591195699,0.0003900805470836675,0.004200175627699254,-0.00321236048337592,15.353867214236825,False,EUR_USD
overlay_alone,155,0,155,0.4064516129032258,0.6577506928417408,0.960524821292701,,3.3626344086021507,0.4064516129032258,-2122.254521783194,-0.02122254521783194,-1655.6677431026317,0.0,-1655.6677431026317,311.75345414542335,0.0,311.75345414542335,76.13461265408041,153.19036667106553,82.42847482027739,-154.83332453522578,0.0,-154.83332453522578,0.0,-2122.254521783281,-3.5484669063797836,-5.353829413077238e-06,0.0,-0.00011625390524676074,-0.0013961305797597356,0.0468671679197995,0.4473684210526316,-0.4020170296139685,0.028962309690918175,0.004300056797105717,-0.7275945103854287,-0.04820508428571654,0.012529429096782544,0.012529429096782544,0.41454827639820513,0.01381827587994017,0.0004176476365594182,0.002285153831746989,-0.002195387329957277,15.353867214236825,False,GBP_USD
overlay_alone,174,0,174,0.4367816091954023,1.0244334932440693,1.3209800307620894,,3.865421455938697,0.4367816091954023,197.01445706852246,0.0019701445706852244,904.5262988188042,0.0,904.5262988188042,350.6591336382438,0.0,350.6591336382438,112.6285795369324,142.20083911441822,95.8297149868932,-356.8527081121768,0.0,-356.8527081121768,0.0,197.0144570683836,1.278461002971992,5.415862525076267e-07,0.0,1.1719596362814817e-05,0.0001281978351685975,0.05037593984962406,0.43790849673202614,0.02764955914618194,0.027421190233281267,0.004915954863804218,0.07132465099317123,0.004675137515110595,0.013326890595794935,0.013326890595794935,0.41002778330172324,0.020501389165086162,0.0006663445297897467,0.004872065513832791,-0.003416090922160775,15.353867214236825,False,AUD_USD
overlay_alone,146,0,146,0.3287671232876712,0.4854011269209846,0.9910273007970101,,3.114440639269407,0.3287671232876712,-4284.153844710949,-0.04284153844710949,-3701.4584399622318,0.0,-3701.4584399622318,418.7174970985353,0.0,418.7174970985353,134.51421970440683,164.03567256046207,120.16760483366645,-163.97790765011914,0.0,-163.97790765011914,0.0,-4284.153844710886,-6.35230415376084,-1.0946365288663126e-05,0.0,-0.00023731798257990228,-0.002847747947275492,0.03508771929824561,0.3674540682414698,-0.7397537440777683,0.04340433362010254,0.02225179136424149,-0.9868712345188838,-0.06560976081790526,0.01274983009406757,0.01274983009406757,0.5429704734777808,0.01809901578259269,0.00042499433646891885,0.003548725001298436,-0.0040781302805483755,15.353867214236825,False,USD_CAD
overlay_alone,134,0,134,0.41044776119402987,0.8084868019945356,1.1612810428648783,,3.381840796019901,0.41044776119402987,-1228.191773247905,-0.012281917732479051,-834.1697261665331,0.0,-834.1697261665331,209.62025070573347,0.0,209.62025070573347,81.62522788304875,105.49890987248588,22.496112950198835,-184.4017963754164,0.0,-184.4017963754164,0.0,-1228.191773247683,-2.1170635814567342,-3.0657311877418284e-06,0.0,-6.646919901762259e-05,-0.0008045524708590879,0.03433583959899749,0.39941690962099125,-0.19382870515447082,0.0176506231685295,0.014409627013718654,-0.6951464164263337,-0.045582100029962644,0.00863183818449615,0.00863183818449615,0.4231826753258611,0.014106089177528704,0.0002877279394832051,0.004867564137602587,-0.002493133668012293,15.353867214236825,False,EUR_JPY
overlay_alone,144,0,144,0.4236111111111111,0.8395105587666152,1.1422848586496566,,3.564236111111111,0.4236111111111111,-1192.0455403961096,-0.011920455403961095,-628.3429553472162,0.0,-628.3429553472162,260.3470504456767,0.0,260.3470504456767,126.38616784126823,96.42013423923214,37.540748365176356,-303.3555346034121,0.0,-303.3555346034121,0.0,-1192.045540396305,-1.1146710552915031,-2.968405251957852e-06,0.0,-6.418403262305617e-05,-0.0007807408793231163,0.037844611528822056,0.41032608695652173,-0.17287658472682643,0.023414825366763536,0.012238304359814803,-0.5059495317837988,-0.033343869411528844,0.00808811131622639,0.00808811131622639,0.3501722375561124,0.01750861187780562,0.00040440556581131955,0.003944343859628052,-0.00289126153795638,15.353867214236825,False,AUD_JPY
overlay_alone,97,0,97,0.4329896907216495,0.7285862430084713,0.9541010325110933,,3.728951890034365,0.4329896907216495,-1059.2756960732659,-0.010592756960732658,-743.7902529024619,0.0,-743.7902529024619,193.69435416643205,0.0,193.69435416643205,101.46901155852314,29.582889346806834,62.64245326110209,-121.79108900445694,0.0,-121.79108900445694,0.0,-1059.275696073351,-2.357605617003296,-2.8856928668696533e-06,0.0,-6.235525011862341e-05,-0.0007525021085863504,0.029724570493591493,0.39492753623188404,-0.2388395669181244,0.017268528918349402,0.009136263625435348,-0.6125237221194477,-0.04357650336889714,0.004892241275898687,0.004892241275898687,0.22768728666979376,0.011384364333489688,0.00024461206379493435,0.0028200940549418796,-0.0017362141294112732,14.146475017111568,False,XAU_USD
overlay_alone,142,0,142,0.3732394366197183,0.6776723902221965,1.1379781647127452,,3.441607981220657,0.3732394366197183,-2283.0157782424503,-0.022830157782424504,-1284.3792689094078,0.0,-1284.3792689094078,780.7600137021775,0.0,780.7600137021775,437.62709359883695,0.0,343.1329201033405,-217.8764956310362,0.0,-217.8764956310362,0.0,-2283.0157782426213,-1.286132899113596,-5.785817700725404e-06,0.0,-0.00012487441553826027,-0.001503037680741448,0.03555219364599092,0.3949579831932773,-0.3358521720374958,0.03346724559697145,0.0173610428804144,-0.6811985008625301,-0.04491070758680727,0.00520064922389353,0.00520064922389353,0.22928589214449888,0.011464294607224944,0.00026003246119467657,0.005088126549203986,-0.0025308419968390616,15.353867214236825,False,NAS100_USD
overlay_alone,142,0,142,0.3591549295774648,0.639147841457569,1.1404402661301722,,3.0413732394366195,0.3591549295774648,-2555.6156008678518,-0.025556156008678516,-1534.010261480846,0.0,-1534.010261480846,748.775424530924,0.0,748.775424530924,387.55316517761526,0.0,361.2222593533088,-272.82991485604634,0.0,-272.82991485604634,0.0,-2555.6156008678163,-1.5015683672927473,-6.483072696010082e-06,0.0,-0.00014001663401428437,-0.001684694393492392,0.03151790216843167,0.3698224852071006,-0.34479463601924176,0.04062398440388548,0.0074196966834053635,-0.6249679185143707,-0.041470437186640396,0.005708389072186019,0.005708389072186019,0.36211527381775643,0.018105763690887823,0.0002854194536093009,0.006222711875134124,-0.002914084338452416,15.353867214236825,False,SPX500_USD
overlay_alone,113,0,113,0.3008849557522124,0.547758755064015,1.2727335779428581,,4.025073746312684,0.3008849557522124,-2971.0143630746607,-0.029710143630746606,-2303.798286770393,0.0,-2303.798286770393,295.2673078002863,0.0,295.2673078002863,149.65186893648314,0.0,145.61543886380315,-371.9487685038253,0.0,-371.9487685038253,0.0,-2971.0143630745047,-3.452851885002155,-7.729314730307515e-06,0.0,-0.00016329582599891468,-0.001962775613352119,0.03758043758043758,0.38320209973753283,-0.47072078108193766,0.03504300927270443,0.03504300927270443,-0.847159623420881,-0.0560104755295932,0.006813578322128119,0.006813578322128119,0.23868671015546103,0.011934335507773052,0.000340678916106406,0.0037328744169113914,-0.0027288584503625257,15.351129363449692,False,UK100_GBP
overlay_alone,126,0,126,0.40476190476190477,0.7594326962045513,1.116812788536105,,3.7926587301587302,0.40476190476190477,-1585.9902949465322,-0.01585990294946532,-719.5932580556124,0.0,-719.5932580556124,679.6474365261035,0.0,679.6474365261035,381.8112663439236,0.0,297.83617018218,-186.7496003648272,0.0,-186.7496003648272,0.0,-1585.9902949465431,-0.8305583091995279,-4.003644551308974e-06,0.0,-8.63557085152301e-05,-0.0010406952554635751,0.034334763948497854,0.38526912181303113,-0.24935196886840383,0.018381118641577765,0.010568008509433957,-0.8624081869114015,-0.0566176235384032,0.00481920128255497,0.00481920128255497,0.19583453428932937,0.009791726714466467,0.00024096006412774852,0.004653159321206024,-0.001960584147816413,15.353867214236825,False,JP225_USD
overlay_alone,149,0,149,0.4429530201342282,0.8429085036158602,1.0600213000017635,,3.4614093959731536,0.4429530201342282,-1067.6687517739047,-0.010676687517739047,-414.01495295588035,0.0,-414.01495295588035,470.0736437123378,0.0,470.0736437123378,300.84682206662296,0.0,169.22682164571486,-138.94055688846436,0.0,-138.94055688846436,0.0,-1023.0291535566824,-0.6798116571788442,-2.6761866673722302e-06,0.0,-5.771222318321851e-05,-0.0006988689467093412,0.04120323559150657,0.4478021978021978,-0.15570798515301237,0.02732737031551824,0.010007902496029416,-0.3902440668117811,-0.02557395529245192,0.003539340089501646,0.003539340089501646,0.1579586334323868,0.01579586334323868,0.00035393400895016453,0.006913686718161616,-0.002462111759739094,15.353867214236825,False,WTICO_USD
naive_hedge,368,38,330,0.3804347826086957,1.0640114479873952,1.7328186438651865,61.347587719298225,2.9862373737373735,0.37575757575757573,1735.5748849138326,0.017355748849138326,5012.614665589874,4488.7775299914565,523.8371355984173,745.6427222406976,154.89517968069163,590.747542560006,107.83813379892598,440.9098384190277,196.89475002274398,-2511.601063944223,-2097.7597307709193,-413.84133317330367,2236.122619539846,-480.7517401348924,1.5389129566690951,4.899306581553942e-06,0.0,0.00010701946808016568,0.0011213138171106696,0.21679197994987467,0.48162583518930957,0.07178173500741092,0.06977571668338223,0.008522174418591504,0.22808680647759283,0.01607025868610994,0.1277970827226212,0.16168065132715712,1.0501181062550904,0.03500393687516968,0.0053893550442385705,0.010612980410762862,-0.010006621785444092,15.353867214236825,False,EUR_USD
naive_hedge,368,43,325,0.38858695652173914,0.7100907024419079,1.11727558076524,52.541666666666664,2.8605128205128207,0.39692307692307693,-8624.485187279206,-0.08624485187279206,-5440.222820586881,-5145.692358320027,-294.5304622668542,829.6487768641745,191.10292704924896,638.5458498149255,211.75706142810495,404.15942949722796,213.73228593884164,-2354.61358982814,-2057.7852491446833,-296.82834068345664,-7394.58053451396,-1229.9046527652363,-1.708471914089783,-2.2115164916514358e-05,0.0,-0.0004788715565180765,-0.005857041942496033,0.19699248120300752,0.4506880733944954,-0.3548390144689654,0.10420078817720912,0.022305431070319303,-0.812892151458173,-0.056209190400126834,0.11469724146741735,0.14954799894782667,1.176588162123974,0.03921960540413247,0.00498493329826089,0.006334402083927548,-0.00588613220604306,15.353867214236825,False,GBP_USD
naive_hedge,351,38,313,0.37606837606837606,1.16604406727741,1.934573111619339,65.82785087719297,3.2099307774227905,0.3801916932907348,4573.366388888593,0.04573366388888593,6947.875243666181,6127.8956252624685,819.9796184037124,881.2421201938373,192.37100629797814,688.8711138958591,295.0959576590982,347.18072539172243,238.96543714301663,-1493.2667345837833,-931.2496837833196,-562.0170508004637,5004.274935181171,-430.9085462926105,2.926026251570609,1.195692256447109e-05,0.0,0.0002570768452196435,0.0029167827809082336,0.23533834586466165,0.4900835073068894,0.15499208941118672,0.05292714152729561,0.012913037846466573,0.8135009172317299,0.055109395609509525,0.10872871203038235,0.13799247710279963,0.82561820576003,0.041280910288001495,0.006899623855139982,0.01402907661162578,-0.011583846224025529,15.353867214236825,False,AUD_USD
naive_hedge,301,38,263,0.3687707641196013,1.0285157419925266,1.7605224412484692,59.74561403508771,3.0586185044359953,0.3726235741444867,793.1644442091056,0.007931644442091056,4963.055756355689,7178.54924006619,-2215.4934837105006,1011.2776280989397,233.16032389743344,778.1173042015062,339.8992045877091,387.92048104095977,283.4579424702707,-3158.613684047654,-2900.1552606036526,-258.4584234440015,4045.233655565104,-3252.069211356008,1.1902122585062742,2.7675344922000505e-06,0.0,6.61628621382829e-05,0.0005146838320260194,0.20902255639097744,0.4820809248554913,0.03499256954845047,0.09080869125710156,0.013839338592785137,0.08407798336921328,0.00566778162861993,0.13586222321386293,0.168464925349311,1.0929874623448117,0.036432915411493724,0.005615497511643701,0.014022907113368843,-0.012807763117889115,15.353867214236825,False,USD_CAD
naive_hedge,291,35,256,0.35051546391752575,1.0810960793990878,2.003207441239486,61.75714285714287,2.9353841145833335,0.34375,1768.9532674799266,0.017689532674799266,3297.280539611085,4652.83691845521,-1355.5563788441254,568.8706971716242,137.3447283850695,431.5259687865547,216.39079829861925,289.51798137678037,62.96191749622456,-866.230759283671,-574.9211762057264,-291.30958307794464,3940.5710138644145,-2078.391930708625,2.297594030567969,5.004801137418937e-06,0.0,0.00010890970465551151,0.0011427030287189943,0.19899749373433584,0.4823815309842041,0.07190628264436974,0.04629228745034608,0.011427134088627987,0.363749228930191,0.024684522879641183,0.09899972110808489,0.12116624765601011,0.8064044598919318,0.02688014866306439,0.004038874921867004,0.014249188326512119,-0.012975314285285977,15.353867214236825,False,EUR_JPY
naive_hedge,376,42,334,0.3696808510638298,0.933827704363741,1.5922098268647957,51.166666666666664,3.0239520958083834,0.37425149700598803,-2014.9116826199606,-0.020149116826199607,-2158.0964960034453,-1189.345197353162,-968.7512986502836,817.0336777226635,192.47348361262112,624.5601941100424,403.77142154280295,296.1859959790071,117.07626020085344,960.2184911058714,1450.001961391237,-489.78347028536564,68.18328042545409,-2083.0949630456917,-2.6413800983317564,-4.348142690234393e-06,0.0,-9.865879788578487e-05,-0.0013248383743572623,0.19924812030075187,0.47547846889952156,-0.05620079333058,0.11609630595925235,0.011294851872734449,-0.1607501604196363,-0.011411546331390215,0.08121267689476279,0.10564985385190423,0.8371073465648653,0.04185536732824327,0.005282492692595213,0.018287513976254166,-0.016458023272031053,15.353867214236825,False,AUD_JPY
naive_hedge,264,39,225,0.4128787878787879,1.1540651856684585,1.641101869528542,49.384615384615394,3.4014814814814818,0.4177777777777778,3416.5578709525726,0.034165578709525725,7681.285803716293,5655.438350797812,2025.8474529184814,651.2658614928093,194.32921717303068,456.9366443197786,344.7382092027125,99.60275446102031,206.92489782907646,-3623.86084902716,-3332.180416018298,-291.68043300886217,2128.928717606483,1277.2303755898406,1.7967387457346367,9.851391518301734e-06,0.0,0.00021262194488110776,0.0023776113393005893,0.19580038178347423,0.4835016835016835,0.13307182881203758,0.062387085689337485,0.01664448849234608,0.5183077965896679,0.0381106332028416,0.06561434671218688,0.0814676619458754,0.5275432635808439,0.026377163179042193,0.00407338309729377,0.017827254133096382,-0.0111667310222755,14.146475017111568,False,XAU_USD
naive_hedge,295,45,250,0.3389830508474576,0.9742444318480994,1.8997766421037936,64.91296296296298,2.9563333333333337,0.316,-718.4327294047544,-0.007184327294047543,5079.774993900406,8816.328077799937,-3736.553083899531,2030.1045390421193,578.072528719066,1452.0320103230533,1155.0495808050073,0.0,875.054958237112,-3768.1031842628004,-3485.5479203596165,-282.55526390318397,4752.707628721255,-5471.140358125768,0.8760939994410869,-1.2099512080452865e-06,0.0,-2.7954149586016e-05,-0.00046949514573235707,0.2939989914271306,0.5295186194368756,-0.017419138255894168,0.07813482836957675,0.014972951684252677,-0.09030677954643582,-0.0060087819417949054,0.08686584749564968,0.09772807095081931,0.4613955515151141,0.023069777575755703,0.004886403547540967,0.009131587066034674,-0.009549894992863295,15.353867214236825,False,NAS100_USD
naive_hedge,253,42,211,0.35968379446640314,0.9964647464880824,1.7739262519897727,66.07539682539684,2.9219984202211693,0.3459715639810427,-81.65255119465292,-0.0008165255119465291,5183.286856487084,7540.535113007213,-2357.2482565201294,1665.1745952677647,534.7254184089364,1130.4491768588284,869.8666164724815,0.0,795.3079787952834,-3599.764812413388,-3228.2522667342982,-371.51254567908984,3777.557427863979,-3859.2099790580473,0.9844912647855084,3.4186788238924607e-07,0.0,5.1138382754621565e-06,-5.3200754580373655e-05,0.27433182047402926,0.5228255646323883,0.0051848954945817585,0.06659941517127288,0.011810154760319408,-0.012026138408139181,-0.0007988171434172199,0.10288535534386083,0.11407886804371534,0.6140512672901967,0.03070256336450983,0.005703943402185766,0.008487477831598644,-0.010677801473511828,15.353867214236825,False,SPX500_USD
naive_hedge,323,44,279,0.33436532507739936,0.49498566561429264,0.9853881306210455,55.51136363636365,4.013739545997611,0.35125448028673834,-16790.077859373443,-0.16790077859373442,-13362.890792656774,-9430.943084803868,-3931.9477078529058,971.5757472272667,274.72077316162864,696.8549740656381,491.78525267337,0.0,479.7904945538968,-2455.611319489666,-1700.5507289753598,-755.0605905143063,-11406.214586940858,-5383.86327243285,-3.8990841563421657,-4.665235016991495e-05,0.0,-0.0009918814908281958,-0.011901899578961928,0.23423423423423423,0.4774396642182581,-0.6457648892048303,0.18216570554641243,0.032044166472073664,-0.9085612163707883,-0.06533556655607466,0.08367131163955766,0.10474883590920618,0.6326099838811552,0.03163049919405776,0.0052374417954603085,0.008477858269029692,-0.010129640256486105,15.351129363449692,False,UK100_GBP
naive_hedge,317,43,274,0.3659305993690852,1.0075949274576081,1.7459187967153385,53.608527131782964,3.484032846715328,0.3795620437956204,238.23354090489738,0.0023823354090489737,5465.889383795717,7691.589426632138,-2225.7000428364213,2191.34980854444,615.5180280902321,1575.831780454208,1206.9256359177894,0.0,984.4241726266507,-3036.3060343465045,-2696.862032156263,-339.4440021902414,4379.209366385643,-4140.97582548087,1.0455717721411872,1.3679383997273384e-06,0.0,2.8188030314884302e-05,0.0001549893917824896,0.22267104266599344,0.49081803005008345,0.017529054304453416,0.07187092748263879,0.01641063363363456,0.030847408249503525,0.0021564963360174946,0.06250073703328667,0.07656113474445686,0.4707453168030277,0.023537265840151388,0.003828056737222843,0.013210126672526634,-0.01504550773692892,15.353867214236825,False,JP225_USD
naive_hedge,275,42,233,0.43272727272727274,1.1665428404077678,1.5292494378454773,55.74702380952382,3.454577968526466,0.45493562231759654,4750.93313951655,0.0475093313951655,8439.80218081347,7215.916171843521,1223.8860089699501,1059.2341826551874,311.1879868294525,748.046195825735,666.3607649462938,0.0,392.8734177088937,-2657.0816660582586,-2490.9832776884714,-166.0983883697874,4413.744907325597,309.74142477442774,2.2710131550673367,1.2452413844125444e-05,0.0,0.00026955982742014705,0.0030276091777285963,0.22472194135490395,0.49526462395543175,0.16470307775477472,0.07634539390629902,0.01187392275028195,0.5879457578022923,0.03965673661261702,0.03805456622281713,0.04618553425172666,0.32444191749177664,0.03244419174917766,0.004618553425172665,0.018114998087823242,-0.007256795911824154,15.353867214236825,False,WTICO_USD
naive_alone,330,0,330,0.37575757575757573,0.9691760449373119,1.6100827843313406,,2.9862373737373735,0.37575757575757573,-394.6822667236411,-0.003946822667236411,576.5602659131561,0.0,576.5602659131561,579.3320244311218,0.0,579.3320244311218,85.02065583579007,342.4676136242805,151.84375497105123,-405.1575813127382,0.0,-405.1575813127382,0.0,-407.92933983070395,0.5856438326512539,-9.229355975775773e-07,0.0,-1.9647561242183818e-05,-0.00025753268710138055,0.062406015037593986,0.41778523489932884,-0.03965603946478109,0.03840330185753282,0.004360133604773004,-0.09977261862414245,-0.0067060037716747895,0.022962414053469753,0.022962414053469753,0.5261247954667364,0.01753749318222455,0.0007654138017823253,0.003966889623944203,-0.0030781563471152795,15.353867214236825,False,EUR_USD
naive_alone,325,0,325,0.39692307692307693,0.8853041007770674,1.345113207382211,,2.8605128205128207,0.39692307692307693,-1313.1271888316987,-0.013131271888316988,-335.12933198527475,0.0,-335.12933198527475,666.7507868486446,0.0,666.7507868486446,172.1846484660051,324.07117041477863,170.49496796786082,-311.24706999780744,0.0,-311.24706999780744,0.0,-1313.127188831727,-0.3426687795266722,-3.2643019330971085e-06,0.0,-7.103251643401076e-05,-0.0008605363653054754,0.06791979949874687,0.44136807817589574,-0.16627975614895,0.02288841530515051,0.0065077902828191815,-0.5714592461665068,-0.0375970268728841,0.02221455979565443,0.02221455979565443,0.58701987450769,0.019567329150256333,0.0007404853265218143,0.0030810480574872123,-0.0029828237180703487,15.353867214236825,False,GBP_USD
naive_alone,313,0,313,0.3801916932907348,0.9665184464454549,1.5756687278186408,,3.2099307774227905,0.3801916932907348,-424.1891778831632,-0.004241891778831632,795.8890422768684,0.0,795.8890422768684,673.5410725241243,0.0,673.5410725241243,225.35393743611002,266.13932559551,182.0478094925042,-546.5371476357863,0.0,-546.5371476357863,0.0,-424.18917788304213,0.6523262436178515,-9.824168173715102e-07,0.0,-2.1370978181660092e-05,-0.00027682444171406306,0.06616541353383458,0.42857142857142855,-0.038268289940102,0.03634600768232754,0.006929558931659668,-0.11524317805043932,-0.007616364474843353,0.019530258302139617,0.019530258302139617,0.41135104415077595,0.020567552207538798,0.0009765129151069807,0.004956437721685969,-0.0035554730593644335,15.353867214236825,False,AUD_USD
naive_alone,263,0,263,0.3726235741444867,0.7272664174308583,1.2244791722050168,,3.0586185044359953,0.3726235741444867,-3378.864565891796,-0.03378864565891796,-2348.685752331414,0.0,-2348.685752331414,776.0154202044922,0.0,776.0154202044922,269.7883162223499,292.6135490283892,213.6135549537531,-254.1633933557988,0.0,-254.1633933557988,0.0,-3378.864565891705,-2.2798816296894824,-8.547084229476156e-06,0.0,-0.0001854785716376235,-0.002236194216089782,0.054385964912280704,0.40185185185185185,-0.36896070628894057,0.046896779448990955,0.016708540366197917,-0.7198064120469085,-0.04768332159188165,0.021598945865536557,0.021598945865536557,0.5434103268782923,0.01811367756260974,0.0007199648621845517,0.005150645761969441,-0.004186410669631435,15.353867214236825,False,USD_CAD
naive_alone,256,0,256,0.34375,0.8049327425911974,1.5366897813104679,,2.9353841145833335,0.34375,-2062.3222548752383,-0.020623222548752384,-1351.1896182380042,0.0,-1351.1896182380042,424.13914821907326,0.0,424.13914821907326,162.22878095303543,215.17539022379563,46.734977042242235,-286.9934884182963,0.0,-286.9934884182963,0.0,-2062.322254875374,-1.900052885530862,-5.1718360302755845e-06,0.0,-0.00011216323713944724,-0.0013563173014253804,0.0518796992481203,0.4099009900990099,-0.2572235628772985,0.028311006228269986,0.008720068599423517,-0.7227343637979212,-0.047907774470800274,0.014843287039149007,0.014843287039149007,0.47787007661980835,0.015929002553993613,0.0004947762346383002,0.003495589078079009,-0.0036680688568154762,15.353867214236825,False,EUR_JPY
naive_alone,334,0,334,0.37425149700598803,0.8470333172072383,1.4162397063705023,,3.0239520958083834,0.37425149700598803,-2085.985244020194,-0.02085985244020194,-973.8862941591834,0.0,-973.8862941591834,625.0738107584718,0.0,625.0738107584718,305.06409526979655,229.2504553334016,90.75926015527372,-487.0251391026164,0.0,-487.0251391026164,0.0,-2085.9852440202717,-0.8757191024061584,-5.214415558394492e-06,0.0,-0.00011299652329656296,-0.0013720340112353124,0.06842105263157895,0.43333333333333335,-0.22292348774313664,0.03766570223500654,0.005792713068038103,-0.5478641230828204,-0.03642661439510194,0.016477546496519162,0.016477546496519162,0.4155695450537316,0.020778477252686584,0.000823877324825958,0.003911858182931827,-0.004074283533763823,15.353867214236825,False,AUD_JPY
naive_alone,225,0,225,0.4177777777777778,1.1628284294470341,1.6205374921017177,,3.4014814814814818,0.4177777777777778,1248.0662573081208,0.01248066257308121,1993.9196647658678,0.0,1993.9196647658678,455.9552792244197,0.0,455.9552792244197,241.25414455970426,70.18984919910308,144.5112854656124,-289.89812823365236,0.0,-289.89812823365236,0.0,1248.0662573077957,2.6733398880100383,3.4375522769314034e-06,0.0,7.38050844855878e-05,0.0008771697731069228,0.05726752113444232,0.42424242424242425,0.1642842716878537,0.011836869702765096,0.003652481762663397,1.036514010351986,0.07410487697621743,0.010534864873405728,0.010534864873405728,0.29020870438639057,0.01451043521931953,0.0005267432436702864,0.005347495401700542,-0.002429197141276651,14.146475017111568,False,XAU_USD
naive_alone,250,0,250,0.316,0.5700345864987596,1.2338723328011127,,2.9563333333333337,0.316,-5428.475729210768,-0.05428475729210768,-3703.7194736451374,0.0,-3703.7194736451374,1446.3356972009128,0.0,1446.3356972009128,828.162658367039,0.0,618.1730388338739,-278.4205583650273,0.0,-278.4205583650273,0.0,-5428.475729211077,-2.1473871810540817,-1.4007849307030432e-05,0.0,-0.00030219088538114934,-0.0036285610147880343,0.05118507312153303,0.38666666666666666,-0.6158213140093274,0.06568486232249438,0.03385177210820123,-0.8237155194445247,-0.0552419672735677,0.0077673075498231785,0.0077673075498231785,0.22956307126016717,0.011478153563008358,0.00038836537749115894,0.008756852952317873,-0.0033308949399573073,15.353867214236825,False,NAS100_USD
naive_alone,211,0,211,0.3459715639810427,0.6167683411887809,1.1659456312883802,,2.9219984202211693,0.3459715639810427,-3853.616024309289,-0.03853616024309289,-2358.335259687147,0.0,-2358.335259687147,1127.552578496337,0.0,1127.552578496337,588.2283069501332,0.0,539.3242715462037,-367.7281861257751,0.0,-367.7281861257751,0.0,-3853.616024309259,-1.577185579781832,-9.856774494976273e-06,0.0,-0.00021279173087756159,-0.002556233748414849,0.0448814926878467,0.4009009009009009,-0.48507195492258537,0.046219505082274015,0.046219505082274015,-0.8337334610733358,-0.05530638512603219,0.008122272167498496,0.008122272167498496,0.2591447451527756,0.012957237257638778,0.0004061136083749247,0.005354056207007574,-0.0029125634284046242,15.353867214236825,False,SPX500_USD
naive_alone,279,0,279,0.35125448028673834,0.66138842568853,1.221543929077795,,4.013739545997611,0.35125448028673834,-5489.895742366163,-0.05489895742366163,-3974.145759453277,0.0,-3974.145759453277,728.6832600235482,0.0,728.6832600235482,370.60420086885523,0.0,358.07905915469297,-787.0667228897663,0.0,-787.0667228897663,0.0,-5489.895742366592,-2.6219005800777624,-1.443442982733935e-05,0.0,-0.00030477344093985564,-0.0036713729529375128,0.077992277992278,0.4061662198391421,-0.5143732368111351,0.061777028075522544,0.061777028075522544,-0.8886629728537206,-0.05942942008232011,0.015579382659186984,0.015579382659186984,0.318683968899759,0.01593419844498795,0.0007789691329593492,0.005415621700125328,-0.002804478160020163,15.351129363449692,False,UK100_GBP
naive_alone,274,0,274,0.3795620437956204,0.7008154449365479,1.145563708069357,,3.484032846715328,0.3795620437956204,-4053.438560180657,-0.04053438560180657,-2222.4842529069383,0.0,-2222.4842529069383,1509.696742370862,0.0,1509.696742370862,838.4437727695625,0.0,671.2529696012994,-321.2575649028303,0.0,-321.2575649028303,0.0,-4053.4385601806307,-1.2138392771888653,-1.0350612885411476e-05,0.0,-0.0002235870366767417,-0.0026913801290322503,0.06967937389548094,0.4444444444444444,-0.375126687346893,0.045345643498058696,0.045345643498058696,-0.8935131628550893,-0.05935256226207203,0.009969366632507751,0.009969366632507751,0.21561446669991471,0.010780723334995735,0.0004984683316253877,0.005222118769386608,-0.0041182580106566835,15.353867214236825,False,JP225_USD
naive_alone,233,0,233,0.45493562231759654,1.024324160498929,1.2272563055034336,,3.454577968526466,0.45493562231759654,211.02847495890455,0.0021102847495890454,1144.432782651473,0.0,1144.432782651473,745.1585374639363,0.0,745.1585374639363,469.9488172327864,0.0,275.20972023114996,-165.52266312567343,0.0,-165.52266312567343,0.0,233.7515820618632,1.256677728617351,5.908403480793863e-07,0.0,1.2519157792215371e-05,0.00013730781439402762,0.05864509605662285,0.44874274661508706,0.02754275820729185,0.027017633340318148,0.007937432558166146,0.07761057713771115,0.00508215551911886,0.005588238645499239,0.005588238645499239,0.15778361956753062,0.015778361956753063,0.0005588238645499239,0.003530075428855639,-0.0040579006955047126,15.353867214236825,False,WTICO_USD
