label,n_trades,n_core,n_ov,win_rate,pf,payoff,dur_core_d,dur_ov_d,wr_ov,net_profit,net_pct,gross_profit,gross_core,gross_ov,costs_exec,costs_core,costs_ov,spread,comm,slip,swap,swap_core,swap_ov,net_core,net_ov,gross_to_cost,daily_mean,daily_med,monthly_mean,cagr,pos_days,active_pos_days,sharpe,max_dd,avg_dd,recovery,mar,exp_net_avg,exp_gross_avg,exp_gross_max,margin_max,margin_avg,best_day,worst_day,years,halted,sym,ov_net_core_long,ov_net_core_short,ov_n_core_long,ov_n_core_short
opp_alone,145,0,145,0.3931034482758621,0.9331833884716894,1.4407041786931345,,3.5928160919540226,0.3931034482758621,-438.6067215262301,-0.004386067215262301,25.31236785075795,0.0,25.31236785075795,242.11617740509666,0.0,242.11617740509666,35.273937875148,143.50674007663727,63.33549945331139,-221.80291197176277,0.0,-221.80291197176277,0.0,-438.6067215261015,0.05456203124721116,-1.0685733377627885e-06,0.0,-2.3040271448567264e-05,-0.00028625264195314415,0.03984962406015038,0.4087403598971722,-0.0658946581664205,0.03331066238893532,0.004888504288937551,-0.12869547650151636,-0.00859342388965005,0.011702416412510023,0.011702416412510023,0.428346557735871,0.014278218591195699,0.0003900805470836675,0.004200175627699254,-0.00321236048337592,15.353867214236825,False,EUR_USD,-493.8489599881309,55.242238462029306,66,79
opp_alone,155,0,155,0.4064516129032258,0.6577506928417408,0.960524821292701,,3.3626344086021507,0.4064516129032258,-2122.254521783194,-0.02122254521783194,-1655.6677431026317,0.0,-1655.6677431026317,311.75345414542335,0.0,311.75345414542335,76.13461265408041,153.19036667106553,82.42847482027739,-154.83332453522578,0.0,-154.83332453522578,0.0,-2122.254521783281,-3.5484669063797836,-5.353829413077238e-06,0.0,-0.00011625390524676074,-0.0013961305797597356,0.0468671679197995,0.4473684210526316,-0.4020170296139685,0.028962309690918175,0.004300056797105717,-0.7275945103854287,-0.04820508428571654,0.012529429096782544,0.012529429096782544,0.41454827639820513,0.01381827587994017,0.0004176476365594182,0.002285153831746989,-0.002195387329957277,15.353867214236825,False,GBP_USD,-1033.6678718785572,-1088.5866499047231,66,89
opp_alone,174,0,174,0.4367816091954023,1.0244334932440693,1.3209800307620894,,3.865421455938697,0.4367816091954023,197.01445706852246,0.0019701445706852244,904.5262988188042,0.0,904.5262988188042,350.6591336382438,0.0,350.6591336382438,112.6285795369324,142.20083911441822,95.8297149868932,-356.8527081121768,0.0,-356.8527081121768,0.0,197.0144570683836,1.278461002971992,5.415862525076267e-07,0.0,1.1719596362814817e-05,0.0001281978351685975,0.05037593984962406,0.43790849673202614,0.02764955914618194,0.027421190233281267,0.004915954863804218,0.07132465099317123,0.004675137515110595,0.013326890595794935,0.013326890595794935,0.41002778330172324,0.020501389165086162,0.0006663445297897467,0.004872065513832791,-0.003416090922160775,15.353867214236825,False,AUD_USD,-690.6744941192152,887.6889511875993,93,81
opp_alone,146,0,146,0.3287671232876712,0.4854011269209846,0.9910273007970101,,3.114440639269407,0.3287671232876712,-4284.153844710949,-0.04284153844710949,-3701.4584399622318,0.0,-3701.4584399622318,418.7174970985353,0.0,418.7174970985353,134.51421970440683,164.03567256046207,120.16760483366645,-163.97790765011914,0.0,-163.97790765011914,0.0,-4284.153844710886,-6.35230415376084,-1.0946365288663126e-05,0.0,-0.00023731798257990228,-0.002847747947275492,0.03508771929824561,0.3674540682414698,-0.7397537440777683,0.04340433362010254,0.02225179136424149,-0.9868712345188838,-0.06560976081790526,0.01274983009406757,0.01274983009406757,0.5429704734777808,0.01809901578259269,0.00042499433646891885,0.003548725001298436,-0.0040781302805483755,15.353867214236825,False,USD_CAD,-2788.762676242314,-1495.391168468573,62,84
opp_alone,134,0,134,0.41044776119402987,0.8084868019945356,1.1612810428648783,,3.381840796019901,0.41044776119402987,-1228.191773247905,-0.012281917732479051,-834.1697261665331,0.0,-834.1697261665331,209.62025070573347,0.0,209.62025070573347,81.62522788304875,105.49890987248588,22.496112950198835,-184.4017963754164,0.0,-184.4017963754164,0.0,-1228.191773247683,-2.1170635814567342,-3.0657311877418284e-06,0.0,-6.646919901762259e-05,-0.0008045524708590879,0.03433583959899749,0.39941690962099125,-0.19382870515447082,0.0176506231685295,0.014409627013718654,-0.6951464164263337,-0.045582100029962644,0.00863183818449615,0.00863183818449615,0.4231826753258611,0.014106089177528704,0.0002877279394832051,0.004867564137602587,-0.002493133668012293,15.353867214236825,False,EUR_JPY,-1459.3226966909965,231.1309234433138,61,73
opp_alone,144,0,144,0.4236111111111111,0.8395105587666152,1.1422848586496566,,3.564236111111111,0.4236111111111111,-1192.0455403961096,-0.011920455403961095,-628.3429553472162,0.0,-628.3429553472162,260.3470504456767,0.0,260.3470504456767,126.38616784126823,96.42013423923214,37.540748365176356,-303.3555346034121,0.0,-303.3555346034121,0.0,-1192.045540396305,-1.1146710552915031,-2.968405251957852e-06,0.0,-6.418403262305617e-05,-0.0007807408793231163,0.037844611528822056,0.41032608695652173,-0.17287658472682643,0.023414825366763536,0.012238304359814803,-0.5059495317837988,-0.033343869411528844,0.00808811131622639,0.00808811131622639,0.3501722375561124,0.01750861187780562,0.00040440556581131955,0.003944343859628052,-0.00289126153795638,15.353867214236825,False,AUD_JPY,-1098.5318014378772,-93.51373895842762,89,55
opp_alone,97,0,97,0.4329896907216495,0.7285862430084713,0.9541010325110933,,3.728951890034365,0.4329896907216495,-1059.2756960732659,-0.010592756960732658,-743.7902529024619,0.0,-743.7902529024619,193.69435416643205,0.0,193.69435416643205,101.46901155852314,29.582889346806834,62.64245326110209,-121.79108900445694,0.0,-121.79108900445694,0.0,-1059.275696073351,-2.357605617003296,-2.8856928668696533e-06,0.0,-6.235525011862341e-05,-0.0007525021085863504,0.029724570493591493,0.39492753623188404,-0.2388395669181244,0.017268528918349402,0.009136263625435348,-0.6125237221194477,-0.04357650336889714,0.004892241275898687,0.004892241275898687,0.22768728666979376,0.011384364333489688,0.00024461206379493435,0.0028200940549418796,-0.0017362141294112732,14.146475017111568,False,XAU_USD,-1093.0918034431602,33.8161073698094,64,33
opp_alone,142,0,142,0.3732394366197183,0.6776723902221965,1.1379781647127452,,3.441607981220657,0.3732394366197183,-2283.0157782424503,-0.022830157782424504,-1284.3792689094078,0.0,-1284.3792689094078,780.7600137021775,0.0,780.7600137021775,437.62709359883695,0.0,343.1329201033405,-217.8764956310362,0.0,-217.8764956310362,0.0,-2283.0157782426213,-1.286132899113596,-5.785817700725404e-06,0.0,-0.00012487441553826027,-0.001503037680741448,0.03555219364599092,0.3949579831932773,-0.3358521720374958,0.03346724559697145,0.0173610428804144,-0.6811985008625301,-0.04491070758680727,0.00520064922389353,0.00520064922389353,0.22928589214449888,0.011464294607224944,0.00026003246119467657,0.005088126549203986,-0.0025308419968390616,15.353867214236825,False,NAS100_USD,-2158.8021117738117,-124.2136664688095,119,23
opp_alone,142,0,142,0.3591549295774648,0.639147841457569,1.1404402661301722,,3.0413732394366195,0.3591549295774648,-2555.6156008678518,-0.025556156008678516,-1534.010261480846,0.0,-1534.010261480846,748.775424530924,0.0,748.775424530924,387.55316517761526,0.0,361.2222593533088,-272.82991485604634,0.0,-272.82991485604634,0.0,-2555.6156008678163,-1.5015683672927473,-6.483072696010082e-06,0.0,-0.00014001663401428437,-0.001684694393492392,0.03151790216843167,0.3698224852071006,-0.34479463601924176,0.04062398440388548,0.0074196966834053635,-0.6249679185143707,-0.041470437186640396,0.005708389072186019,0.005708389072186019,0.36211527381775643,0.018105763690887823,0.0002854194536093009,0.006222711875134124,-0.002914084338452416,15.353867214236825,False,SPX500_USD,-2283.2313682606587,-272.3842326071578,118,24
opp_alone,113,0,113,0.3008849557522124,0.547758755064015,1.2727335779428581,,4.025073746312684,0.3008849557522124,-2971.0143630746607,-0.029710143630746606,-2303.798286770393,0.0,-2303.798286770393,295.2673078002863,0.0,295.2673078002863,149.65186893648314,0.0,145.61543886380315,-371.9487685038253,0.0,-371.9487685038253,0.0,-2971.0143630745047,-3.452851885002155,-7.729314730307515e-06,0.0,-0.00016329582599891468,-0.001962775613352119,0.03758043758043758,0.38320209973753283,-0.47072078108193766,0.03504300927270443,0.03504300927270443,-0.847159623420881,-0.0560104755295932,0.006813578322128119,0.006813578322128119,0.23868671015546103,0.011934335507773052,0.000340678916106406,0.0037328744169113914,-0.0027288584503625257,15.351129363449692,False,UK100_GBP,-2631.764514889928,-339.24984818457654,83,30
opp_alone,126,0,126,0.40476190476190477,0.7594326962045513,1.116812788536105,,3.7926587301587302,0.40476190476190477,-1585.9902949465322,-0.01585990294946532,-719.5932580556124,0.0,-719.5932580556124,679.6474365261035,0.0,679.6474365261035,381.8112663439236,0.0,297.83617018218,-186.7496003648272,0.0,-186.7496003648272,0.0,-1585.9902949465431,-0.8305583091995279,-4.003644551308974e-06,0.0,-8.63557085152301e-05,-0.0010406952554635751,0.034334763948497854,0.38526912181303113,-0.24935196886840383,0.018381118641577765,0.010568008509433957,-0.8624081869114015,-0.0566176235384032,0.00481920128255497,0.00481920128255497,0.19583453428932937,0.009791726714466467,0.00024096006412774852,0.004653159321206024,-0.001960584147816413,15.353867214236825,False,JP225_USD,81.75868836091799,-1667.7489833074605,77,49
opp_alone,149,0,149,0.4429530201342282,0.8429085036158602,1.0600213000017635,,3.4614093959731536,0.4429530201342282,-1067.6687517739047,-0.010676687517739047,-414.01495295588035,0.0,-414.01495295588035,470.0736437123378,0.0,470.0736437123378,300.84682206662296,0.0,169.22682164571486,-138.94055688846436,0.0,-138.94055688846436,0.0,-1023.0291535566824,-0.6798116571788442,-2.6761866673722302e-06,0.0,-5.771222318321851e-05,-0.0006988689467093412,0.04120323559150657,0.4478021978021978,-0.15570798515301237,0.02732737031551824,0.010007902496029416,-0.3902440668117811,-0.02557395529245192,0.003539340089501646,0.003539340089501646,0.1579586334323868,0.01579586334323868,0.00035393400895016453,0.006913686718161616,-0.002462111759739094,15.353867214236825,False,WTICO_USD,-1753.2869271423992,730.2577735857164,100,49
same_alone,313,0,313,0.43450479233226835,0.9745034980633986,1.2682876408619235,,3.616214057507987,0.43450479233226835,-327.10037435889535,-0.0032710037435889536,601.5651502355099,0.0,601.5651502355099,526.6359092449261,0.0,526.6359092449261,91.01120371713061,304.3311144184992,131.2935911092962,-402.02961534960286,0.0,-402.02961534960286,0.0,-327.10037435901904,0.6477737509402682,-7.505642835633339e-07,0.0,-1.6356585480065373e-05,-0.0002133674583757461,0.06466165413533835,0.40249609984399376,-0.031698560803510835,0.02455879993888388,0.010808847216198847,-0.13209948456074533,-0.008688024614668652,0.0248224492766069,0.0248224492766069,0.678980565806477,0.022632685526882565,0.0008274149758868967,0.004247756721006191,-0.002663324056767058,15.353867214236825,False,EUR_USD,-870.5986240689488,543.498249709929,142,171
same_alone,285,0,285,0.5017543859649123,1.3359332579820775,1.3265910673668182,,3.9888888888888885,0.5017543859649123,3577.0219081392133,0.035770219081392135,4538.832246222542,0.0,4538.832246222542,521.6989246535194,0.0,521.6989246535194,129.04539431757487,258.18411251001544,134.4694178259291,-440.1114134296948,0.0,-440.1114134296948,0.0,3577.021908139328,4.719051216758548,8.886834229136326e-06,0.0,0.00019272807493921437,0.0022916427106474124,0.06616541353383458,0.4672566371681416,0.3559742925765439,0.016964566693145278,0.004994853642810997,2.0166067561112944,0.1350840697613206,0.022831592129027502,0.022831592129027502,0.591859586176873,0.01972865287256243,0.0007610530709675834,0.00598398832567737,-0.003517536449748615,15.353867214236825,False,GBP_USD,711.7269770778457,2865.294931061484,109,176
same_alone,324,0,324,0.4537037037037037,1.0738554080754874,1.2930095729888522,,3.7929526748971196,0.4537037037037037,1053.7074596016755,0.010537074596016755,1918.6525144496368,0.0,1918.6525144496368,637.6264765932707,0.0,637.6264765932707,222.08130359796834,248.35504040794333,167.19013258735905,-227.31857825472468,0.0,-227.31857825472468,0.0,1053.7074596016414,2.2182362956995214,2.7991206696546653e-06,0.0,6.0083410775665924e-05,0.0006829240594210528,0.07719298245614035,0.44126074498567336,0.07568263139873471,0.04342751779939391,0.005469737592783219,0.2347665278236532,0.015725606574515848,0.02187665381288541,0.02187665381288541,0.40635390919412184,0.020317695459706093,0.0010938326906442706,0.012512682198551728,-0.011755993047489421,15.353867214236825,False,AUD_USD,-342.0061138298256,1395.7135734314686,163,161
same_alone,292,0,292,0.4417808219178082,1.183666453058939,1.4956405569659459,,3.71875,0.4417808219178082,2468.3980913470587,0.024683980913470585,3798.5825566408803,0.0,3798.5825566408803,790.9991687872434,0.0,790.9991687872434,270.88225123753483,303.16890370028506,216.94801384942355,-539.1852965065889,0.0,-539.1852965065889,0.0,2468.3980913470477,2.8556810395479917,6.2555352354960645e-06,0.0,0.00013720475302713529,0.0015894123999240506,0.06691729323308271,0.4355628058727569,0.18471767957177634,0.030612284287443448,0.010004196173282576,0.7809658845813757,0.051920738256569635,0.02628385735556547,0.02628385735556547,0.6834603450953411,0.022782011503178035,0.0008761285785188491,0.012702202601121426,-0.007214271694939156,15.353867214236825,False,USD_CAD,3686.9926990430367,-1218.5946076959863,161,131
same_alone,313,0,313,0.41533546325878595,0.9512786811208261,1.3391076818854706,,3.4854898828541,0.41533546325878595,-609.4471382472111,-0.006094471382472111,0.49883359000611804,0.0,0.49883359000611804,494.02215726572655,0.0,494.02215726572655,186.21567969519128,254.56398135840197,53.2424962121333,-115.92381457133146,0.0,-115.92381457133146,0.0,-609.4471382470518,0.0008178324196546663,-1.43901714627428e-06,0.0,-3.089272659060205e-05,-0.00039806920214002783,0.06666666666666667,0.41497659906396256,-0.052903433291709163,0.022685883976766852,0.01306277703597285,-0.2656712303791602,-0.01754699982366567,0.020952150931055225,0.020952150931055225,0.457455907084893,0.015248530236163097,0.0006984050310351742,0.008856220044600072,-0.004808491306149687,15.353867214236825,False,EUR_JPY,-1028.2415752358888,418.7944369888348,168,145
same_alone,280,0,280,0.5,1.414209381912294,1.414209381912294,,3.919494047619047,0.5,4641.178979074379,0.046411789790743785,4840.829350952627,0.0,4840.829350952627,546.3568065300257,0.0,546.3568065300257,282.7283398637864,191.66718359373795,71.96128307250136,346.706434651835,0.0,346.706434651835,0.0,4641.178979074435,8.860197755560666,1.1555892313158386e-05,0.0,0.0002497893306098423,0.002959128036222669,0.07067669172932331,0.4853700516351119,0.30066679430312326,0.021713356392328187,0.00490878022899453,2.0194660792739545,0.1362814657833459,0.01663432383669077,0.01663432383669077,0.4663521504488517,0.023317607522442586,0.0008317161918345386,0.014438551960782586,-0.009303502816687459,15.353867214236825,False,AUD_JPY,1112.3637934492394,3528.81518562519,180,100
same_alone,297,0,297,0.47474747474747475,1.2176310422569727,1.347166259518353,,3.4249438832772165,0.47474747474747475,2655.170264337168,0.026551702643371682,4004.7046612607996,0.0,4004.7046612607996,601.6085354553861,0.0,601.6085354553861,320.14332749031416,96.03531126744471,185.4298966976272,-747.9258614682283,0.0,-747.9258614682283,0.0,2655.1702643371855,2.9674713518898708,7.296259606185546e-06,0.0,0.0001570292897128139,0.0018541446403395057,0.07035724025088629,0.46153846153846156,0.21112226263475906,0.022517319103920852,0.005136412116366389,1.132435438528575,0.0823430458920241,0.014378345128711808,0.014378345128711808,0.3381361704547702,0.016906808522738508,0.0007189172564355903,0.016510062208933363,-0.005115385975104858,14.146475017111568,False,XAU_USD,2184.9279059364644,470.2423584007184,219,78
same_alone,401,0,401,0.4314214463840399,0.8565692628107977,1.12888897064082,,4.034600997506235,0.4314214463840399,-1975.772623280005,-0.01975772623280005,920.0718823649412,0.0,920.0718823649412,2144.6000343800106,0.0,2144.6000343800106,1198.3536467610613,0.0,946.2463876189494,-751.2444712649097,0.0,-751.2444712649097,0.0,-1975.7726232799791,0.3177214386240107,-4.969414123543283e-06,0.0,-0.0001073328666426518,-0.0012988621642181508,0.10615229450327786,0.4672586015538291,-0.223619416390409,0.029927011910114487,0.015411229171481522,-0.6592493179282171,-0.043400997337097055,0.01874823323479762,0.01874823323479762,0.3169569885512744,0.01584784942756372,0.000937411661739881,0.004050084590640157,-0.004719979446895284,15.353867214236825,False,NAS100_USD,-1941.9929207277519,-33.77970255223482,364,37
same_alone,345,0,345,0.35942028985507246,0.6345407008852959,1.1309152814165355,,3.671376811594203,0.35942028985507246,-4711.890641497055,-0.04711890641497055,-2280.217651698105,0.0,-2280.217651698105,1871.1842024959706,0.0,1871.1842024959706,956.588438326073,0.0,914.5957641698977,-560.4887873025348,0.0,-560.4887873025348,0.0,-4711.8906414966095,-0.9377155815211197,-1.2108620282001535e-05,0.0,-0.0002609679531668597,-0.0031385820470873904,0.0907715582450832,0.4368932038834951,-0.550080987568095,0.055049777462514715,0.055049777462514715,-0.8551367917813454,-0.05701352833305382,0.019729705377851348,0.019729705377851348,0.42755525279331064,0.021377762639665534,0.0009864852688925673,0.004918156496232395,-0.004718703458477913,15.353867214236825,False,SPX500_USD,-3573.2904433889316,-1138.6001981076743,303,42
same_alone,198,0,198,0.31313131313131315,0.38374447154581764,0.8417620666166322,,4.492845117845118,0.31313131313131315,-7959.8093067314185,-0.07959809306731419,-7062.064902826853,0.0,-7062.064902826853,569.1746900743128,0.0,569.1746900743128,287.55936026458835,0.0,281.61532980972447,-328.56971383025785,0.0,-328.56971383025785,0.0,-7959.809306731423,-7.866453828185092,-2.127061232973954e-05,0.0,-0.0004499253064672533,-0.005388604789810847,0.06718146718146718,0.453125,-0.8487240081466896,0.08259971516816467,0.04232337408149195,-0.9605179262972309,-0.06523757108411564,0.014639496411383568,0.014639496411383568,0.35094806226715125,0.017547403113357563,0.0007319748205691783,0.0055680184356579066,-0.007056264333225815,15.351129363449692,False,UK100_GBP,-4131.464316787073,-3828.3449899443513,151,47
same_alone,300,0,300,0.4533333333333333,1.0642712369720777,1.2833859034075055,,4.756666666666667,0.4533333333333333,891.8477326024877,0.008918477326024877,3378.1830833114673,0.0,3378.1830833114673,1826.5695876754921,0.0,1826.5695876754921,1019.0057331326751,0.0,807.5638545428169,-659.7657630338798,0.0,-659.7657630338798,0.0,891.8477326020953,1.358699695255366,2.3913826237973967e-06,0.0,5.134494018634209e-05,0.0005784542912075086,0.08230244887654632,0.4624113475177305,0.06932634411435161,0.033814721401434045,0.01043218044880291,0.25776895505629954,0.017106581608061895,0.016883691899311184,0.016883691899311184,0.4191600893006905,0.020958004465034524,0.0008441845949655592,0.0067369663170862015,-0.007647464027478401,15.353867214236825,False,JP225_USD,3106.2368719019287,-2214.389139299836,228,72
same_alone,323,0,323,0.43343653250773995,1.0709827815412427,1.3999274930146244,,4.027605779153767,0.43343653250773995,1049.3365711976658,0.010493365711976657,2496.529007571928,0.0,2496.529007571928,930.0541102477839,0.0,930.0541102477839,575.3547797025506,0.0,354.69933054523335,-517.1383261261745,0.0,-517.1383261261745,0.0,1049.3365711979695,1.7250843390441948,2.8114327214274652e-06,0.0,5.935002723338672e-05,0.0006801049952875893,0.07583417593528817,0.4411764705882353,0.07579304056442984,0.02829625080014242,0.012871856474298093,0.36569458505854463,0.02403516282390903,0.008016778888667008,0.008016778888667008,0.21973847114088974,0.021973847114088976,0.0008016778888667008,0.018840257832745566,-0.0074341801516286665,15.353867214236825,False,WTICO_USD,-2880.216143242378,3929.5527144403477,195,128
opp120_alone,37,0,37,0.5135135135135135,1.6533451398907002,1.5663269746332948,,17.759009009009002,0.5135135135135135,1633.004506263882,0.01633004506263882,1848.4952972259985,0.0,1848.4952972259985,50.77428824561966,0.0,50.77428824561966,6.92807799904118,30.90702671396572,12.939183532612757,-164.71650271650932,0.0,-164.71650271650932,0.0,1633.0045062638696,8.578070965226809,4.083594251465223e-06,0.0,8.868679600935711e-05,0.001055544581020973,0.053132832080200504,0.4930232558139535,0.29643417092750346,0.011945693369450172,0.002032861508996655,1.3366603042223482,0.08836193499829946,0.01221311588366526,0.01221311588366526,0.2674090139182907,0.008913633797276357,0.000407103862788842,0.0027093539063021144,-0.0020388242268531975,15.353867214236825,False,EUR_USD,1104.2196181280415,528.7848881358279,20,17
opp120_alone,41,0,41,0.4146341463414634,1.0123378185076672,1.4291828025990594,,17.382113821138212,0.4146341463414634,40.385922040673904,0.00040385922040673904,338.4071302693006,0.0,338.4071302693006,73.97892688390993,0.0,73.97892688390993,17.007065195434116,37.71826851446625,19.253593174009563,-224.0422813445061,0.0,-224.0422813445061,0.0,40.38592204088454,1.1355135840196011,1.2478776196099157e-07,0.0,2.77327746985868e-06,2.6298455947815214e-05,0.05714285714285714,0.4820295983086681,0.009118368699754298,0.017608478785862358,0.006975176536049436,0.022858552832819144,0.0014935109538780794,0.015282119375159076,0.015282119375159076,0.2937276754120091,0.009790922513733636,0.0005094039791719692,0.0022395630297593616,-0.002364967904250781,15.353867214236825,False,GBP_USD,-245.43273759840815,285.81865963929266,24,17
opp120_alone,46,0,46,0.4782608695652174,0.8684969192892902,0.9474511846792255,,17.660326086956523,0.4782608695652174,-563.4167817425623,-0.005634167817425623,-74.07121379658739,0.0,-74.07121379658739,84.68073454356204,0.0,84.68073454356204,26.881925778966025,34.85613733017663,22.942671434419378,-404.6648334023982,0.0,-404.6648334023982,0.0,-563.4167817425476,-0.1513679057266281,-1.3832096329178724e-06,0.0,-3.0044995703090835e-05,-0.0003679242541171357,0.05363408521303258,0.45052631578947366,-0.08564260004711821,0.013337958268908268,0.0049335732337800935,-0.42037824343403046,-0.027584750731661334,0.013622330336543068,0.013622330336543068,0.20633354648746255,0.010316677324373127,0.0006811165168271535,0.0031115257494813697,-0.0024319036224912383,15.353867214236825,False,AUD_USD,-632.9428376821431,69.5260559395953,26,20
opp120_alone,45,0,45,0.37777777777777777,0.6408032011274651,1.0554405665628837,,16.21388888888889,0.37777777777777777,-1652.3933441827976,-0.016523933441827975,-1332.3172123396423,0.0,-1332.3172123396423,113.46942857446061,0.0,113.46942857446061,38.6182269612504,43.85106096288491,31.000140650325307,-206.60670326878935,0.0,-206.60670326878935,0.0,-1652.3933441828922,-4.162500979586052,-4.146621704134148e-06,0.0,-8.991830739758849e-05,-0.0010846087626315004,0.05714285714285714,0.4830508474576271,-0.271893696413204,0.03168284474217831,0.01621819242596012,-0.5207410508971956,-0.03423331368939852,0.016412089916179904,0.016412089916179904,0.27807556764137664,0.009269185588045889,0.0005470696638726634,0.0028584592531282205,-0.0026178455901132436,15.353867214236825,False,USD_CAD,-1047.5194722835888,-604.8738718993043,21,24
opp120_alone,28,0,28,0.42857142857142855,0.7482549629157471,0.9976732838876627,,16.168154761904763,0.42857142857142855,-685.7163400803984,-0.006857163400803984,-578.6605164414559,0.0,-578.6605164414559,38.698756469427714,0.0,38.698756469427714,14.284963477154538,20.097505344734362,4.316287647538812,-68.35706716943426,0.0,-68.35706716943426,0.0,-685.7163400803179,-5.405222217461866,-1.7100396194882996e-06,0.0,-3.708538321897538e-05,-0.00044804609242166116,0.03458646616541353,0.4928571428571429,-0.15958084688026142,0.016566844787461843,0.0026386409664134933,-0.4098621619183005,-0.027044744981298576,0.006060734708344747,0.006060734708344747,0.2158167858347851,0.007193892861159503,0.00020202449027815824,0.0020939387549185895,-0.002149870335239723,15.353867214236825,False,EUR_JPY,-920.1464328158401,234.4300927355223,11,17
opp120_alone,33,0,33,0.45454545454545453,0.6756387243681928,0.8107664692418313,,16.166666666666668,0.45454545454545453,-929.0336064967851,-0.00929033606496785,-651.5364914266587,0.0,-651.5364914266587,66.40340641173054,0.0,66.40340641173054,36.380784791748624,21.670834924239454,8.351786695742454,-211.09370865831008,0.0,-211.09370865831008,0.0,-929.0336064966993,-2.347903657528872,-2.3199463157773683e-06,0.0,-5.028135025787147e-05,-0.0006077246729846442,0.0393483709273183,0.4631268436578171,-0.18723953060754922,0.02047586941685442,0.003404303861148497,-0.44869558976718626,-0.029680042425178015,0.007856272093034853,0.007856272093034853,0.2093751222078402,0.010468756110392009,0.0003928136046517427,0.0022463051771111076,-0.0023246013028183077,15.353867214236825,False,AUD_JPY,-1434.2157169428638,505.1821104461646,20,13
opp120_alone,22,0,22,0.4090909090909091,0.8233608512216116,1.1892990073201057,,16.236742424242422,0.4090909090909091,-347.64049143706507,-0.0034764049143706506,-203.89188033151729,0.0,-203.89188033151729,38.39702703912474,0.0,38.39702703912474,19.920034657341013,5.949877282285637,12.527115099498088,-105.35158406640748,0.0,-105.35158406640748,0.0,-347.6404914370495,-1.4183920022839818,-9.36530122545759e-07,0.0,-2.01790620555926e-05,-0.0002461413914313093,0.029997272975184074,0.46808510638297873,-0.09167255373251221,0.009444242581270856,0.0025033218543723903,-0.36631778027910367,-0.02606258673611786,0.004510250946037635,0.004510250946037635,0.17272504394875512,0.008636252197437756,0.0002255125473018817,0.0022214954546759813,-0.0020776778327196155,14.146475017111568,False,XAU_USD,-779.1005453569461,431.4600539198965,13,9
opp120_alone,44,0,44,0.4090909090909091,0.7858239473613499,1.1350790350775053,,16.859848484848484,0.4090909090909091,-921.4031190695096,-0.009214031190695096,-384.3517229957992,0.0,-384.3517229957992,230.8977653658609,0.0,230.8977653658609,134.43504492229428,0.0,96.4627204435666,-306.1536307079576,0.0,-306.1536307079576,0.0,-921.4031190696176,-0.7156702799874474,-2.2954560814248015e-06,0.0,-4.9751126925113586e-05,-0.0006027115488964618,0.05042864346949067,0.45146726862302483,-0.13116667538667648,0.0255457396230796,0.004709697357607179,-0.35700713604808115,-0.023593427232458556,0.0067161516218923025,0.0067161516218923025,0.12103635648266246,0.006051817824133123,0.0003358075810946151,0.0038674812635095535,-0.002894336559274735,15.353867214236825,False,NAS100_USD,-1811.8741387364955,890.4710196668775,38,6
opp120_alone,36,0,36,0.3333333333333333,0.4776029981366347,0.9552059962732694,,14.871527777777779,0.3333333333333333,-2047.8964214146108,-0.02047896421414611,-1482.973950378659,0.0,-1482.973950378659,183.49162854860373,0.0,183.49162854860373,95.17849213406122,0.0,88.31313641454251,-389.35000105522016,0.0,-389.35000105522016,0.0,-2055.815579982483,-2.5888026877590598,-5.183843654846205e-06,0.0,-0.00011199240076579049,-0.0013467375554983008,0.038830055471507814,0.43626062322946174,-0.318369175846076,0.026379197904198737,0.004303569468486966,-0.7737176228869388,-0.05105301383268907,0.007261404200365578,0.007261404200365578,0.18321426267046437,0.009160713133523218,0.0003630702100182788,0.0046353826819418575,-0.0027458973344242077,15.353867214236825,False,SPX500_USD,-2337.365046555626,281.5494665731441,31,5
opp120_alone,22,0,22,0.2727272727272727,0.48501937844877935,1.293385009196745,,15.672348484848483,0.2727272727272727,-1254.0445932913426,-0.012540445932913426,-905.2394650975334,0.0,-905.2394650975334,54.807866561719095,0.0,54.807866561719095,28.219728785206495,0.0,26.588137776512603,-339.65315511946005,0.0,-339.65315511946005,0.0,-1299.7004867787125,-2.294876845472423,-3.2269582643808616e-06,0.0,-6.826272617715654e-05,-0.0008217346687665605,0.025997425997425997,0.4089068825910931,-0.24777067093344518,0.020494701415522232,0.007036714066162871,-0.6109036138640622,-0.04009498123959966,0.005179600836353719,0.005179600836353719,0.157975821530326,0.0078987910765163,0.00025898004181768594,0.0033676803899862495,-0.0024969642651707646,15.351129363449692,False,UK100_GBP,-1002.040773668767,-297.6597131099454,18,4
opp120_alone,27,0,27,0.48148148148148145,1.5254811093333822,1.6428258100513349,,17.533950617283953,0.48148148148148145,1126.0596306248626,0.011260596306248627,1355.8002689381326,0.0,1355.8002689381326,124.37785309750049,0.0,124.37785309750049,70.08359577692991,0.0,54.29425732057059,-105.36278521573729,0.0,-105.36278521573729,0.0,1126.059630624895,5.901438591328275,2.8546758408774706e-06,0.0,6.133468465549337e-05,0.0007295720263447159,0.037616763443574855,0.48220064724919093,0.1924436366838251,0.014216877378123716,0.0033358912049669927,0.7812163471303459,0.05131731863055583,0.004479411217338984,0.004479411217338984,0.11748597054433263,0.0058742985272166315,0.0002239705608669492,0.005707898727054683,-0.0018129796097147155,15.353867214236825,False,JP225_USD,606.7041544777555,519.3554761471396,18,9
opp120_alone,39,0,39,0.6666666666666666,2.130748685652563,1.0653743428262814,,22.292735042735043,0.6666666666666666,2705.3903627182153,0.027053903627182154,2960.3931966312166,0.0,2960.3931966312166,86.82776283982935,0.0,86.82776283982935,54.61960549373889,0.0,32.20815734609045,-168.1750710733462,0.0,-168.1750710733462,0.0,2705.390362718041,11.609256066696043,6.780007420223088e-06,0.0,0.00014572725506942642,0.0017401241496406428,0.06268958543983821,0.5367965367965368,0.42437451611098753,0.012865147941700905,0.0015731038569635975,2.0474905987178134,0.1352587749107983,0.0050378248533277485,0.0050378248533277485,0.1070232729774581,0.01070232729774581,0.0005037824853327748,0.0032421352836053963,-0.0034190646899321386,15.353867214236825,False,WTICO_USD,2264.0208390403614,441.36952367768055,26,13
same120_alone,154,0,154,0.5454545454545454,1.4767188611739803,1.230599050978317,,19.5487012987013,0.5454545454545454,4811.012026387849,0.04811012026387849,5953.43969719785,0.0,5953.43969719785,209.83032129604425,0.0,209.83032129604425,34.75284480062414,123.81000244117953,51.26747405424058,-932.5973495137226,0.0,-932.5973495137226,0.0,4811.0120263880835,5.211218048472144,1.2018632628587354e-05,0.0,0.0002609846684238299,0.0030650670134397817,0.10726817042606517,0.4874715261958998,0.2741353869719614,0.032818084413536064,0.005217358984607744,1.3534217396125623,0.09339567096047727,0.051271209038148614,0.051271209038148614,0.678563515528264,0.022618783850942133,0.0017090403012716207,0.010245106289558548,-0.006641769321188318,15.353867214236825,False,EUR_USD,-218.86653068348406,5029.878557071568,71,83
same120_alone,141,0,141,0.44680851063829785,0.7512555085024443,0.9301258676696929,,13.996453900709218,0.44680851063829785,-3042.1474009589583,-0.030421474009589583,-2094.471740307972,0.0,-2094.471740307972,249.83738645242397,0.0,249.83738645242397,68.05744643671714,120.34019962788771,61.43974038781913,-697.838274198507,0.0,-697.838274198507,0.0,-3042.147400958903,-2.210114522588182,-7.6016866815488755e-06,0.0,-0.00016555203280762797,-0.00201009625712234,0.08922305764411027,0.4772117962466488,-0.22714121081660918,0.04811494462462462,0.00847742909654494,-0.6220768222370422,-0.04177696291255001,0.03845066905313356,0.03845066905313356,0.583569731310036,0.019452324377001198,0.0012816889684377855,0.00562792455988359,-0.00568957974180162,15.353867214236825,False,GBP_USD,-3769.931469605344,727.7840686464422,54,87
same120_alone,157,0,157,0.46496815286624205,0.8561867919701015,0.9852012400751852,,16.7093949044586,0.46496815286624205,-1967.8036483559554,-0.019678036483559553,-1106.3127718129904,0.0,-1106.3127718129904,290.64113262879107,0.0,290.64113262879107,111.96169452387464,107.25455153203703,71.42488657287942,-570.8497439143998,0.0,-570.8497439143998,0.0,-1967.8036483561814,-1.284183967510102,-4.664690890788528e-06,0.0,-0.00010355931952835973,-0.001293574421768695,0.11704260651629073,0.49365750528541225,-0.09306445038045817,0.043528778141970315,0.01250203755712811,-0.44107095456450623,-0.029717682806295786,0.040545702712052975,0.040545702712052975,0.4090306507393642,0.02045153253696821,0.0020272851356026487,0.011345535584212252,-0.011793236391803519,15.353867214236825,False,AUD_USD,-1151.6296297108606,-816.1740186453205,80,77
same120_alone,158,0,158,0.4810126582278481,1.311839799251718,1.415406099192643,,18.587552742616033,0.4810126582278481,3726.2937205869093,0.037262937205869096,5282.4901191479585,0.0,5282.4901191479585,334.4110826118977,0.0,334.4110826118977,114.70620513678716,130.05470021561032,89.65017725950024,-1221.7853159494014,0.0,-1221.7853159494014,0.0,3726.293720586659,3.3944880762040137,9.60069464372714e-06,0.0,0.00021215074664829908,0.0023856579649097487,0.11177944862155388,0.503954802259887,0.16401136190332222,0.055788416136462904,0.01070563731990269,0.6265185260552814,0.04276260432047828,0.05746469773787442,0.05746469773787442,0.6756671367147835,0.022522237890492784,0.001915489924595814,0.013405495341375584,-0.012855906346020074,15.353867214236825,False,USD_CAD,5640.846927130336,-1914.553206543675,93,65
same120_alone,153,0,153,0.46405228758169936,1.0440257572781,1.205776226715552,,17.08932461873638,0.46405228758169936,542.2343512894149,0.0054223435128941495,953.383614981294,0.0,953.383614981294,222.1871649643225,0.0,222.1871649643225,93.49100288060271,107.07002005407529,21.626142029644527,-188.96209872801566,0.0,-188.96209872801566,0.0,542.2343512889558,2.3188260302825405,1.583749413404866e-06,0.0,3.488781097428868e-05,0.0003522661670882776,0.10025062656641603,0.48484848484848486,0.03718773907381792,0.04029494725338312,0.009659628642414455,0.12844750849638198,0.008742192038946068,0.03707840333793236,0.03707840333793236,0.42971128443296214,0.01432370948109874,0.0012359467779310786,0.008080367127343502,-0.011504672774849345,15.353867214236825,False,EUR_JPY,2298.7221737361365,-1756.487822447181,88,65
same120_alone,145,0,145,0.4896551724137931,1.1337291935299387,1.1816332439607813,,15.902873563218392,0.4896551724137931,1473.2544539985247,0.014732544539985248,1204.5382734611999,0.0,1204.5382734611999,227.56647584348335,0.0,227.56647584348335,112.42709301010177,84.3698069369396,30.76957589644199,496.28265638080535,0.0,496.28265638080535,0.0,1473.254453998522,5.293127069778338,4.034865037902924e-06,0.0,8.371511893881643e-05,0.0009529874330853616,0.087468671679198,0.4950354609929078,0.07447250146506876,0.038924398650131864,0.013525046766643603,0.36520165890893386,0.02448303547734149,0.02911667961600686,0.02911667961600686,0.4644206128015206,0.023221030640076027,0.001455833980800343,0.014416444905217096,-0.012768345511851353,15.353867214236825,False,AUD_JPY,-490.69110570481735,1963.945559703338,96,49
same120_alone,158,0,158,0.43037974683544306,0.8368846898140468,1.1076415012244738,,14.245780590717297,0.43037974683544306,-2142.8633703038067,-0.021428633703038068,-506.6566710886551,0.0,-506.6566710886551,260.4325922898173,0.0,260.4325922898173,137.3233851432898,42.42939263944806,80.67981450707941,-1375.7741069252866,0.0,-1375.7741069252866,0.0,-2142.863370303759,-0.30965321883335445,-5.587423029109531e-06,0.0,-0.0001238460004299352,-0.0015300620400678921,0.10362694300518134,0.4846938775510204,-0.11089098061106804,0.04727787813083939,0.014969421033776797,-0.4452283907891508,-0.03236317069546807,0.0283984332719754,0.0283984332719754,0.3445886333497843,0.017229431667489217,0.00141992166359877,0.01461023759071467,-0.010122317808770709,14.146475017111568,False,XAU_USD,-380.1215849488924,-1762.741785354867,118,40
same120_alone,222,0,222,0.4774774774774775,0.8049425176792391,0.8808804910452049,,18.101914414414413,0.4774774774774775,-2790.6445467719022,-0.02790644546771902,-289.6893765192896,0.0,-289.6893765192896,993.9849300953829,0.0,993.9849300953829,589.6166247915695,0.0,404.36830530381343,-1506.9702401575169,0.0,-1506.9702401575169,0.0,-2790.6445467721896,-0.11583149508833294,-6.956140130623105e-06,0.0,-0.00015132279797013828,-0.0018416961836147383,0.17423096318709028,0.5323574730354391,-0.18394354934066476,0.03704467453560989,0.03704467453560989,-0.7519552058945818,-0.04971554499269182,0.03946926896442242,0.03946926896442242,0.31596324881267623,0.01579816244063381,0.001973463448221121,0.004469940162348918,-0.007678668193029536,15.353867214236825,False,NAS100_USD,-878.0742991109406,-1912.5702476612469,204,18
same120_alone,192,0,192,0.421875,0.6635233578264389,0.9092727496140087,,18.71875,0.421875,-4358.020916661742,-0.04358020916661742,-2041.3940894015022,0.0,-2041.3940894015022,861.251918438027,0.0,861.251918438027,469.8180694639689,0.0,391.4338489740581,-1455.374908822161,0.0,-1455.374908822161,0.0,-4358.0209166616905,-0.8811924585263498,-1.1046266685944397e-05,0.0,-0.00023922037361519326,-0.00289788599855767,0.1691880988401412,0.511043412033511,-0.28548920029128283,0.05455244948866256,0.028010396353496447,-0.7978892353051587,-0.05312109769076322,0.047230794650560654,0.047230794650560654,0.4187051360186565,0.020935256800932826,0.0023615397325280328,0.007377700368167206,-0.01084074053790951,15.353867214236825,False,SPX500_USD,-2130.0934617948133,-2227.9274548668795,169,23
same120_alone,99,0,99,0.31313131313131315,0.44837566741735274,0.9835337220767737,,24.04840067340067,0.31313131313131315,-6868.848908698739,-0.0686884890869874,-5738.252947814489,0.0,-5738.252947814489,266.99056168623054,0.0,266.99056168623054,136.50132856095462,0.0,130.48923312527594,-863.6053991980327,0.0,-863.6053991980327,0.0,-6868.848908698752,-5.0754231806440195,-1.8113281702032155e-05,0.0,-0.0003846678954077809,-0.004624856900289243,0.11788931788931789,0.4846560846560847,-0.4507158614987297,0.09098323171850509,0.009063857815490597,-0.7368846813596972,-0.05083196994582676,0.033168640539139815,0.033168640539139815,0.34839674130285236,0.017419837065142618,0.0016584320269569905,0.008030371197762731,-0.007277266226167978,15.351129363449692,False,UK100_GBP,-3453.0497998301717,-3415.7991088685803,77,22
same120_alone,164,0,164,0.4634146341463415,1.2487643411431955,1.4459376581658052,,20.748221544715452,0.4634146341463415,3480.2121909385314,0.034802121909385315,5467.766382626212,0.0,5467.766382626212,775.2392348699489,0.0,775.2392348699489,441.82249706454326,0.0,333.4167378054056,-1212.3149568179324,0.0,-1212.3149568179324,0.0,3480.2121909383313,2.7510024156789643,9.063003124244322e-06,0.0,0.00019413659067875886,0.0022306017057969196,0.13304721030042918,0.5004748338081672,0.15584901762557746,0.043729549860121675,0.00982683169688051,0.7468894990778866,0.05100902508559948,0.030669063970846053,0.030669063970846053,0.35395399353015244,0.017697699676507625,0.0015334531985423028,0.0069224557843805545,-0.01298940212201305,15.353867214236825,False,JP225_USD,5055.1763289066175,-1574.964137968285,132,32
same120_alone,180,0,180,0.5055555555555555,1.4724409720582214,1.440079632012986,,20.540972222222223,0.5055555555555555,5784.250015353115,0.057842500153531144,7206.119081301355,0.0,7206.119081301355,408.0312995202206,0.0,408.0312995202206,261.76801945360126,0.0,146.2632800666194,-1013.8377664285562,0.0,-1013.8377664285562,0.0,5784.250015352579,5.068060944481479,1.454529968647691e-05,0.0,0.0003140755835926211,0.003669079052953439,0.12335692618806876,0.5158562367864693,0.2836312612839245,0.03263569185865145,0.005732746573066905,1.6581431753075633,0.11242534918041876,0.015682788613217792,0.015682788613217792,0.22122377582714708,0.02212237758271471,0.001568278861321779,0.014690533159650743,-0.005739144699538068,15.353867214236825,False,WTICO_USD,-3267.7574364925013,9052.007451845078,99,81
core+ov_hedge,183,38,145,0.3989071038251366,1.0822237047503265,1.6307480482539165,61.347587719298225,3.5928160919540226,0.3931034482758621,1656.384470229823,0.016563844702298228,4400.577389228277,4416.824112265032,-16.24672303675569,400.49967637441216,154.02177093988288,246.4779054345293,56.93185183274264,237.36254234101378,106.20528220065579,-2310.481838319471,-2084.509797870121,-225.97204044935023,2178.2925434550284,-488.6966689206352,1.6232413852239707,4.7439099720851876e-06,0.0,0.00010403149663191937,0.0010705415251217598,0.21929824561403508,0.4951895868704018,0.06726472591926036,0.06678703423504317,0.009049929417806147,0.22912635794084474,0.016029181971970938,0.13318792198098833,0.15033949317387763,0.9326377617634007,0.031087925392113358,0.005011316439129255,0.010612980410762862,-0.00997512229776576,15.353867214236825,False,EUR_USD,-516.7285146519952,28.03184573135936,66,79
core+ov_hedge,198,43,155,0.3888888888888889,0.6191398117171095,0.9729339898411722,52.541666666666664,3.3626344086021507,0.4064516129032258,-9419.126058809663,-0.09419126058809663,-6719.084615992925,-5150.954653625886,-1568.1299623670393,490.48456161969995,191.31409725571189,299.17046436398806,120.11538315575994,240.69203251252736,129.67714595141263,-2209.5568811969947,-2062.2377866160427,-147.31909458095194,-7404.50653749764,-2014.6195213119793,-2.4885116611334483,-2.4269609554412083e-05,0.0,-0.000525157106923761,-0.006422426422172167,0.19423558897243107,0.45641931684334514,-0.3763420362692158,0.11533062994635046,0.021603782557155754,-0.7976464367350184,-0.05568708351944105,0.1195793272628291,0.13971970508195947,0.8855011929062457,0.029516706430208192,0.0046573235027319825,0.006334402083927548,-0.006758347895963079,15.353867214236825,False,GBP_USD,-1004.774928907553,-1009.8445924044267,66,89
core+ov_hedge,212,38,174,0.419811320754717,1.2288164366311831,1.6982519292768037,65.82785087719297,3.865421455938697,0.4367816091954023,5236.105505743952,0.052361055057439515,7092.603830379677,6114.591240748413,978.0125896312641,551.9410359041599,193.08418137392434,358.8568545302356,180.2890586666364,220.66383597701207,150.9881412605114,-1304.5572887317119,-938.5947458695472,-365.96254286216464,4982.912313504941,253.1931922388639,3.820420269849045,1.3586219993972263e-05,0.0,0.00029180346366061764,0.0033295312051184744,0.23709273182957394,0.49868212967843967,0.17095658220760165,0.04049399595133352,0.011609254876299616,1.1966691251475077,0.08222283642048986,0.11170495406180896,0.1316922578280327,0.8249268541118833,0.041246342705594165,0.006584612891401635,0.014005734956371585,-0.011565109085557301,15.353867214236825,False,AUD_USD,-668.7715903740577,921.9647826129219,93,81
core+ov_hedge,184,38,146,0.33152173913043476,0.9941212286662415,2.0045395266548804,59.74561403508771,3.114440639269407,0.3287671232876712,-139.58325359490118,-0.0013958325359490118,3580.4660467925833,7207.552023713679,-3627.0859769210956,653.8992231127751,232.65481043534834,421.24441267742674,204.65548155874507,259.1474572647888,190.09628428924128,-3066.150077274807,-2898.8627436379566,-167.2873336368501,4076.0344696403736,-4215.617723235372,0.9624781172710652,5.02535977091695e-07,0.0,1.5492708845021732e-05,-9.097018121118072e-05,0.21002506265664161,0.48977206312098187,0.006106762193352438,0.09684626692990073,0.011267997506659175,-0.013778907516726242,-0.0009393256353084499,0.14090465378597283,0.15959143864535938,1.0920977480894178,0.036403258269647264,0.00531971462151198,0.014022907113368843,-0.01272906420639619,15.353867214236825,False,USD_CAD,-2726.6047795271966,-1489.0129437081755,62,84
core+ov_hedge,169,35,134,0.40828402366863903,1.1455218790569783,1.6601766363144614,61.75714285714287,3.381840796019901,0.41044776119402987,2623.687853482741,0.02623687853482741,3826.8038174778585,4627.001972435342,-800.1981549574841,349.15922703505936,136.8884549710493,212.27077206401006,133.8590853488422,177.17041940395572,38.12972228226144,-760.4387183989015,-573.9106405076525,-186.52807789124907,3916.2028769566405,-1198.9970049127433,3.4488202084595656,7.142866826289331e-06,0.0,0.00015506797148541474,0.0016882033957361653,0.19924812030075187,0.49013563501849566,0.0992749340288492,0.04232271814819122,0.012537198444173827,0.5934181325817103,0.03988882258991476,0.1019335165890073,0.11483916777570316,0.8518981948206725,0.028396606494022415,0.003827972259190105,0.015628962319743867,-0.012972451903406568,15.353867214236825,False,EUR_JPY,-1460.7371374066113,261.7401324938678,61,73
core+ov_hedge,186,42,144,0.4032258064516129,0.9516726523343023,1.4084755254547674,51.166666666666664,3.564236111111111,0.4236111111111111,-1172.3461146735062,-0.011723461146735063,-1859.4439001386863,-1217.3620106194687,-642.0818895192177,453.6788837825492,193.01750615375803,260.6613776287912,225.93379086093722,163.69702891811284,64.04806400349915,1140.7766692475057,1445.7756175379338,-304.99894829042825,35.39610076470717,-1207.7422154384371,-4.098590361172569,-2.1382716136881937e-06,0.0,-5.109445838495652e-05,-0.0007677671688089971,0.20100250626566415,0.4884287454323995,-0.02653465222043013,0.11071500405693246,0.013149868317853879,-0.0981337287953216,-0.0069346262085145365,0.08619466286648637,0.09719707979953686,0.6974253825557926,0.03487126912778963,0.004859853989976843,0.018266671583499816,-0.016392314542980624,15.353867214236825,False,AUD_JPY,-1130.6414466097779,-77.10076882865926,89,55
core+ov_hedge,136,39,97,0.41911764705882354,1.057969929837859,1.4663092010033487,49.384615384615394,3.728951890034365,0.4329896907216495,1060.6185070881766,0.010606185070881766,4837.803173696913,5569.500495567951,-731.6973218710369,385.3656578921781,191.19703342109878,194.16862447107934,203.0766725230775,58.378372454390544,123.9106129147101,-3401.9907491834533,-3278.858987139105,-123.13176204434832,2099.4444750077464,-1048.9977083864646,1.277356196173883,3.6332050940440646e-06,0.0,7.802608030913613e-05,0.0007460706076138912,0.19361876193073357,0.48999309868875085,0.04688734145604411,0.06790445407252765,0.02476618646491975,0.15023015735900372,0.010987064365719298,0.06849129266104766,0.07581072094287222,0.4937655604038813,0.024688278020194063,0.003790536047143611,0.017772425801845015,-0.011150120417364517,14.146475017111568,False,XAU_USD,-1081.263170515795,32.26546212933124,64,33
core+ov_hedge,187,45,142,0.39572192513368987,1.1128920375660527,1.69941621952654,64.91296296296298,3.441607981220657,0.3732394366197183,2550.4367489147407,0.025504367489147407,7685.0411924995315,8986.802049722006,-1301.7608572224742,1372.935075812619,586.220890073047,786.714185739572,769.5137761346818,0.0,603.4212996779372,-3761.6693677720395,-3540.831886011957,-220.83748176008234,4859.749273637001,-2309.3125247221287,1.496715331616532,6.990157238794507e-06,0.0,0.00014833013848167265,0.0016416205213292123,0.29374684820978314,0.5346489215236347,0.09809416727736585,0.07394755898072225,0.008116437370597371,0.3326337845612942,0.022199793258316673,0.08805114880185416,0.09511628690577628,0.4608357028198339,0.023041785140991693,0.004755814345288814,0.009131587066034674,-0.009549894992863406,15.353867214236825,False,NAS100_USD,-2185.9686141545,-123.343910567629,119,23
core+ov_hedge,184,42,142,0.375,1.061798016119064,1.7696633601984402,66.07539682539684,3.0413732394366195,0.3591549295774648,1249.8467737756,0.012498467737756,6070.991506069403,7597.161596753999,-1526.170090684596,1290.839275182851,539.759115530734,751.0801596521169,671.5694939119278,0.0,619.2697812709231,-3530.3054571109733,-3254.604804250625,-275.7006528603482,3802.7976769726406,-2552.9509031970615,1.2592427407133495,3.7062014237228265e-06,0.0,7.743776748956792e-05,0.0008093096039520908,0.2740796772566818,0.5251207729468599,0.05489477271045079,0.07002818628708607,0.009848703566717572,0.17277097596808927,0.011556912250079737,0.10430808590513244,0.11164060422092408,0.7220818668659774,0.03610409334329887,0.005582030211046204,0.009672938893400485,-0.010666867434148908,15.353867214236825,False,SPX500_USD,-2304.6383031287914,-248.31260006827011,118,24
core+ov_hedge,157,44,113,0.2802547770700637,0.3993159461975829,1.0255159527347015,55.51136363636365,4.025073746312684,0.3008849557522124,-14603.084614855572,-0.14603084614855572,-11972.76500284259,-9676.306190014695,-2296.4588128278956,560.8631581592178,279.6880145769426,281.17514358227527,282.3379544945522,0.0,278.5252036646656,-2069.456453854096,-1712.228144031025,-357.22830982307084,-11668.222348622663,-2934.862266233242,-4.551828967156707,-3.989641141690502e-05,0.0,-0.0008500414225696116,-0.010230603572303876,0.22934362934362934,0.48450244698205547,-0.5220043853243632,0.16460042350033743,0.029393607648650035,-0.8723098136650962,-0.062154175273327304,0.0872569403078156,0.09583705568019198,0.47894411111601576,0.023947205555800787,0.0047918527840095995,0.009521243599527551,-0.010110386227936474,15.351129363449692,False,UK100_GBP,-2577.0649308169222,-357.79733541631805,83,30
core+ov_hedge,169,43,126,0.3727810650887574,1.1109521785137333,1.8692211257532656,53.608527131782964,3.7926587301587302,0.40476190476190477,2715.0131447515596,0.027150131447515595,6980.893051646028,7691.393999194753,-710.5009475487251,1338.1403635673348,624.9076259306414,713.2327376366934,737.222038035658,0.0,600.9183255316767,-2927.739543327134,-2729.6553821020348,-198.0841612250993,4336.830991162076,-1621.8178464105176,1.6364485648936304,7.609294052977676e-06,0.0,0.00016206588470619345,0.0017462367454716965,0.22191365816712952,0.4994318181818182,0.09283695311933773,0.06636593946851843,0.014470517496290712,0.37242451915229496,0.026312243290099843,0.06496503065969941,0.07136549220006513,0.3931875970170775,0.019659379850853875,0.0035682746100032573,0.013168048536908339,-0.01379400431619704,15.353867214236825,False,JP225_USD,104.18976367927661,-1726.0076100897952,77,49
core+ov_hedge,191,42,149,0.41361256544502617,1.133538974121034,1.6070425962222255,55.74702380952382,3.4614093959731536,0.4429530201342282,3362.8254231406027,0.03362825423140603,6761.011708536984,7139.1862846124,-378.174576075417,780.7286232163899,309.2685177881118,471.46010542827815,494.97769783058874,0.0,285.7509253858012,-2622.2000810322934,-2483.3708145174974,-138.8292665147962,4346.546952306791,-988.4639480184915,1.9868214400423991,9.122069322098494e-06,0.0,0.000199056920554755,0.0021565146892528197,0.2186552072800809,0.4948512585812357,0.11729817374232024,0.09387470206947834,0.012719648485612467,0.3433699082593078,0.022972266667293864,0.03887255618716217,0.04411837861686964,0.3246241429190451,0.03246241429190451,0.004411837861686963,0.01810935873772812,-0.00750335369833155,15.353867214236825,False,WTICO_USD,-1735.606493168475,747.1425451499836,100,49
core+ov_net,183,38,145,0.4098360655737705,1.1958535016551193,1.7220290423833715,61.347587719298225,3.5928160919540226,0.4,1938.0935485087539,0.019380935485087538,4402.233589763101,4420.220286859621,-17.986697096520615,401.0756066006235,154.24832339864662,246.82728320197688,57.01341845611006,237.70023456522853,106.3619535792849,-2029.762809527746,-2029.762809527746,0.0,2236.2091539332287,-264.8139802984975,1.810993919034158,5.436898456937937e-06,0.0,0.00011901710194627173,0.001250989146184045,0.22005012531328322,0.4971687429218573,0.0771268504523251,0.06597861040614894,0.008750159153722842,0.270914055332439,0.018960525820159706,0.13318369846477832,0.150334217654294,0.932621875035033,0.0310873958345011,0.005011140588476466,0.010612980410762862,-0.009975039990990697,15.353867214236825,False,EUR_USD,-464.0501566980263,199.2361763995288,66,79
core+ov_net,198,43,155,0.398989898989899,0.6966754381205801,1.0494224953968232,52.541666666666664,3.3626344086021507,0.4129032258064516,-9123.985082594227,-0.09123985082594227,-6731.841089066815,-5159.861321656574,-1571.9797674102415,491.30409129778513,191.63315927937302,299.67093201841215,120.31653474556433,241.08484375797215,129.9027127942487,-1900.8399022296815,-1900.8399022296815,0.0,-7252.334383165628,-1871.6506994286538,-2.814145430743912,-2.3454957859517604e-05,0.0,-0.000507560350014402,-0.006211895237015375,0.19473684210526315,0.4592198581560284,-0.3639250092558636,0.1131630871512801,0.021240995662063028,-0.7868179645383346,-0.054893299514806544,0.11957362605632355,0.13971262457742867,0.8854582299298693,0.02951527433099564,0.004657087485914289,0.006334402083927326,-0.00675834789596319,15.353867214236825,False,GBP_USD,-900.9434077714378,-970.707291657216,66,89
core+ov_net,212,38,174,0.42924528301886794,1.2856771663813074,1.7095267816718482,65.82785087719297,3.865421455938697,0.4425287356321839,5559.004715177696,0.05559004715177696,7104.764813336974,6123.44953125202,981.3152820849537,552.6900199607974,193.35403469603426,359.3359852647631,180.5482494131495,220.94996380054744,151.19180674710043,-993.0700781984365,-993.0700781984365,0.0,4937.025418357549,621.9792968201905,4.596292026037982,1.4353298282504243e-05,0.0,0.00030840952878409,0.003529750500480988,0.23759398496240602,0.5026511134676565,0.18069492896602568,0.03910975428352648,0.010853176954887196,1.3114854732259569,0.09025243357173848,0.11170065599564714,0.13168643134644786,0.82489885455091,0.0412449427275455,0.006584321567322394,0.014005663789030676,-0.011565051954461891,15.353867214236825,False,AUD_USD,-325.534592136631,947.5138889568213,93,81
core+ov_net,184,38,146,0.33152173913043476,1.1289067139166418,2.2763200952745404,59.74561403508771,3.114440639269407,0.3287671232876712,140.70493821101263,0.0014070493821101264,3587.743742526074,7219.111120175239,-3631.367377649165,654.7844492565698,232.99675907329987,421.78769018326994,204.9227974773679,259.5110875745168,190.35056420468516,-2792.254355058684,-2792.254355058684,0.0,4193.860006043256,-4053.155067832435,1.0408190757918583,1.204184602055682e-06,0.0,3.065978244463677e-05,9.158114886709257e-05,0.21102756892230576,0.49268578115857226,0.014640185281193667,0.09621128583658922,0.011200460793559408,0.013973074433965098,0.0009518753238849676,0.14089827483126569,0.15958361905402405,1.091950978868981,0.036398365962299374,0.005319453968467468,0.014022907113368843,-0.012729064206396412,15.353867214236825,False,USD_CAD,-2651.718865183833,-1401.4362026486021,62,84
core+ov_net,169,35,134,0.40828402366863903,1.1884104089275138,1.7223339259819042,61.75714285714287,3.381840796019901,0.41044776119402987,2831.343951418443,0.02831343951418443,3831.4261873664227,4632.152956701474,-800.7267693350512,349.48925619628847,137.02703029506387,212.4622259012246,133.98612856750256,177.33664623179882,38.166481396987116,-556.8894081693851,-556.8894081693851,0.0,3938.236518237025,-1013.1889952362758,4.227180468825174,7.649038579023816e-06,0.0,0.00016602271655545022,0.0018200902222611504,0.19949874686716793,0.4907521578298397,0.10634699236912278,0.0419572053835674,0.013786624226171367,0.6447008179383726,0.043379681883531536,0.10192880511627238,0.11483365913693223,0.8518683924884124,0.02839561308294708,0.003827788637897742,0.015628962319743422,-0.012972200194735328,15.353867214236825,False,EUR_JPY,-1309.0097333556287,295.82073811935345,61,73
core+ov_net,186,42,144,0.3924731182795699,0.906682012178813,1.4034940736466557,51.166666666666664,3.564236111111111,0.4305555555555556,-1006.0331360605487,-0.010060331360605487,-1859.80232013987,-1216.8789383649757,-642.9233817748944,454.0279378818649,193.15985259008178,260.8680852917831,226.10717977983398,163.8225346215106,64.09822348052023,1307.7971219610267,1307.7971219610267,0.0,-102.24166899403076,-903.7914670666776,-4.096228810976338,-1.7172172766966283e-06,0.0,-4.1981422730741223e-05,-0.0006583325022143649,0.20175438596491227,0.49085365853658536,-0.02131429865445569,0.1097504539524693,0.013075161774918147,-0.08491754816320296,-0.00599844901324486,0.08619306014751262,0.09719503031944353,0.6973326032916339,0.03486663016458169,0.004859751515972176,0.018266585016784465,-0.016392240505543887,15.353867214236825,False,AUD_JPY,-765.2584652141156,-138.5330018525622,89,55
core+ov_net,136,39,97,0.41911764705882354,1.2658124928268726,1.754371700584613,49.384615384615394,3.728951890034365,0.4329896907216495,1324.9210300515115,0.013249210300515115,4846.460621799496,5578.071901793844,-731.6112799943479,385.83373930851025,191.4329323266146,194.40080698189564,203.31819109891853,58.45696330768927,124.05858490190249,-3145.904194927187,-3145.904194927187,0.0,2240.734774540042,-926.0120869762436,1.3722594122341973,4.344811228353456e-06,0.0,9.331847079287437e-05,0.0009308560788148235,0.19443686937551133,0.49274360746371804,0.056095232369798326,0.06675627952701735,0.022141792802833064,0.19066440973873053,0.013944097625124404,0.06848968361834776,0.07580861493257886,0.4937099960368442,0.02468549980184221,0.0037904307466289427,0.017770590048125978,-0.011149886551660049,14.146475017111568,False,XAU_USD,-1025.8022207395732,99.79013376332972,64,33
core+ov_net,187,45,142,0.40641711229946526,1.2899453886812946,1.8839991861003118,64.91296296296298,3.441607981220657,0.38028169014084506,2841.1338259739423,0.028411338259739422,7699.87130183602,9002.272715898032,-1302.4014140620118,1374.2453788961516,586.794704076684,787.4506748194676,770.2557168315107,0.0,603.9896620646409,-3484.4920969657605,-3484.4920969657605,0.0,4930.985914855589,-2089.852088881479,1.5847473423062661,7.703203798104065e-06,0.0,0.0001636524484985821,0.0018263018331909908,0.29374684820978314,0.5351401010564998,0.10815881985494552,0.07252326048772006,0.00820265869916807,0.37752778661920755,0.025182290770010645,0.08804808619969993,0.09511273876049897,0.4607844340417038,0.02303922170208519,0.004755636938024947,0.009131587066034452,-0.009549894992863295,15.353867214236825,False,NAS100_USD,-2003.2990447414102,-86.55304414006898,119,23
core+ov_net,184,42,142,0.3858695652173913,1.2520731985522766,1.9927362174141867,66.07539682539684,3.0413732394366195,0.36619718309859156,1560.111315827584,0.015601113158275838,6084.793868314918,7612.694192100275,-1527.9003237853576,1292.5132739397445,540.4635032519984,752.0497706877461,672.4515938495439,0.0,620.0616800902008,-3232.1692785473565,-3232.1692785473565,0.0,3840.0614103009207,-2279.9500944731035,1.3448001705600903,4.476883891748883e-06,0.0,9.401175040999755e-05,0.0010087669491904983,0.2748361069087242,0.5268245529241179,0.06635554218736707,0.06902812251925716,0.009416200523991215,0.21851052854193515,0.01461385464901029,0.1043047727954979,0.11163665438001243,0.7218152933032002,0.03609076466516001,0.005581832719000621,0.009672938893400485,-0.010666867434149019,15.353867214236825,False,SPX500_USD,-2062.2848186673928,-217.66527580570994,118,24
core+ov_net,157,44,113,0.2929936305732484,0.45804501600305053,1.1052825386160567,55.51136363636365,4.025073746312684,0.3008849557522124,-14329.54713477286,-0.1432954713477286,-11995.133741043133,-9697.456822499384,-2297.6769185437493,561.6453297403281,280.0396873249149,281.6056424154132,282.7324569913876,0.0,278.91287274894046,-1772.7680639893124,-1772.7680639893124,0.0,-11750.264573813613,-2579.2825609591623,-5.138393128339096,-3.907401623601308e-05,0.0,-0.0008327232974264116,-0.010024389185511295,0.22985842985842986,0.48691384950926936,-0.5115012395694777,0.1620170390948915,0.029021543094595086,-0.8695998067005302,-0.06187243787142738,0.08725365969541833,0.09583292839362295,0.4789284001614335,0.023946420008071675,0.004791646419681148,0.009521243599527551,-0.010110386227936474,15.351129363449692,False,UK100_GBP,-2220.5821335221763,-358.70042743698383,83,30
core+ov_net,169,43,126,0.3905325443786982,1.2458614877818974,1.9442989885081128,53.608527131782964,3.7926587301587302,0.4126984126984127,2968.5795706605422,0.02968579570660542,6980.260389708104,7691.177899113443,-710.9175094053389,1339.4451137319516,625.461052625612,713.9840611063396,737.945646475239,0.0,601.4994672567126,-2672.2357053156657,-2672.2357053156657,0.0,4393.481141172166,-1424.9015705116785,1.7399839878999235,8.231164403878116e-06,0.0,0.00017542750518487012,0.0019071149184444192,0.22317596566523606,0.5034168564920274,0.10045978481807441,0.06572603401860322,0.014329032072031865,0.410738805470143,0.029016126515478264,0.06496374186592142,0.07136385115313107,0.3931395162632755,0.019656975813163776,0.0035681925576565533,0.013167537039283195,-0.01379349670853669,15.353867214236825,False,JP225_USD,256.6951381354042,-1681.5967086470826,77,49
core+ov_net,191,42,149,0.42408376963350786,1.2481392856610163,1.695003968181627,55.74702380952382,3.4614093959731536,0.4429530201342282,3608.9105777703808,0.03608910577770381,6775.45041045446,7151.705535033286,-376.2551245788256,781.6942833158848,309.6814760488068,472.0128072670781,495.5926029198521,0.0,286.10168039603286,-2389.59898859171,-2389.59898859171,0.0,4452.425070392768,-848.2679318459036,2.1364944297248467,9.722602893089775e-06,0.0,0.00021193554501715766,0.0023117376554830926,0.21890798786653184,0.49798734905117886,0.12506731234884866,0.09281709365300672,0.012626931407270149,0.37182569922346537,0.02490637838893597,0.03887132134221719,0.0441168636822062,0.32460133533621127,0.03246013353362113,0.0044116863682206195,0.01810910651216613,-0.007503353698331661,15.353867214236825,False,WTICO_USD,-1671.2237640091437,822.9558321632394,100,49
core_only,38,38,0,0.42105263157894735,1.1527734076410308,1.5850634355064173,61.347587719298225,,,2075.0228831197746,0.020750228831197745,4331.035083714871,4331.035083714871,0.0,153.43912489962906,153.43912489962906,0.0,20.95457446484841,90.98325305625234,41.50129737852833,-2069.2886389251385,-2069.2886389251385,0.0,2108.3073198901034,0.0,1.9485225110349211,5.816404791474756e-06,0.0,0.00012688235955700581,0.0013385303735460319,0.21303258145363407,0.5044510385756676,0.0798121100224193,0.056908175045565,0.007452084364973815,0.33904034391321025,0.023520880303652382,0.13853147969829813,0.13853147969829813,0.6815080585343904,0.02271693528447968,0.00461771598994327,0.010612980410762862,-0.009965560527880002,15.353867214236825,False,EUR_USD,0.0,0.0,0,0
core_only,43,43,0,0.32558139534883723,0.604306720118656,1.2517782059600735,52.541666666666664,,,-7467.1473006796,-0.07467147300679601,-5205.613101300429,-5205.613101300429,0.0,192.49536901793442,192.49536901793442,0.0,47.42931415716592,94.06912146765566,50.99693339311283,-2069.038830361214,-2069.038830361214,0.0,-7467.147300679577,0.0,-2.3018060495081207,-1.8887726912678712e-05,0.0,-0.0004093917359681752,-0.0050417681409699044,0.19548872180451127,0.47648136835675015,-0.2826911857916856,0.09233160109948935,0.01727756195670242,-0.7934164650522907,-0.05460501151211802,0.12709123442902526,0.12709123442902526,0.590947475941694,0.019698249198056465,0.004236374480967508,0.006334402083927548,-0.006758347895963301,15.353867214236825,False,GBP_USD,0.0,0.0,0,0
core_only,38,38,0,0.34210526315789475,1.3366847528459822,2.5705476016268887,65.82785087719297,,,4961.445856013408,0.04961445856013408,6100.405987647417,6100.405987647417,0.0,193.87420171818707,193.87420171818707,0.0,65.29742039472585,75.40826602169896,53.16851530176225,-945.0859299154362,-945.0859299154362,0.0,4961.445856013794,0.0,5.356118988025978,1.298863704596799e-05,0.0,0.0002794979014110273,0.0031587711417520037,0.23233082706766917,0.51300498063088,0.1578482468647818,0.055051367101342175,0.011135788185366244,0.8335732839220938,0.0573786139758733,0.1182361824724777,0.1182361824724777,0.41617748277314515,0.020808874138657257,0.005911809123623885,0.01399696447454768,-0.011558068273250122,15.353867214236825,False,AUD_USD,0.0,0.0,0,0
core_only,38,38,0,0.34210526315789475,1.2660983721065335,2.434804561743334,59.74561403508771,,,4185.777232850727,0.04185777232850727,7380.704313437557,7380.704313437557,0.0,238.07496699726875,238.07496699726875,0.0,70.92409117861185,96.22678464004508,70.92409117861185,-2956.8521135894875,-2956.8521135894875,0.0,4185.777232850802,0.0,2.3101323214181377,1.1163411928524317e-05,0.0,0.0002462497490700219,0.002674260742799417,0.20827067669172933,0.5073260073260073,0.13305206836954656,0.08983914490302769,0.0110386883058209,0.4340099760504795,0.029767210559339275,0.1465882075532638,0.1465882075532638,0.6690152235321059,0.022300507451070196,0.004886273585108794,0.014022907113369065,-0.012729064206396412,15.353867214236825,False,USD_CAD,0.0,0.0,0,0
core_only,35,35,0,0.4,1.3199337844876533,1.9799006767314797,61.75714285714287,,,3832.533228683271,0.03832533228683271,4641.710159247231,4641.710159247231,0.0,137.74632363106392,137.74632363106392,0.0,51.55023729198821,70.76301747881493,15.433068860260782,-576.864917634411,-576.864917634411,0.0,3927.0989179817557,0.0,6.495434008325173,1.011775899933981e-05,0.0,0.00021910328521977662,0.002452493344542672,0.19774436090225564,0.5070694087403599,0.13649435994370418,0.04440431848751081,0.011327819470397278,0.8175782240282712,0.05523096464665846,0.10609017047462285,0.10609017047462285,0.4785967842365084,0.01595322614121695,0.0035363390158207617,0.017949154177842708,-0.012967890122768777,15.353867214236825,False,EUR_JPY,0.0,0.0,0,0
core_only,42,42,0,0.3333333333333333,0.9995453789100762,1.9990907578201522,51.166666666666664,,,-7.662571510460111,-7.662571510460111e-05,-1260.4296521378471,-1260.4296521378471,0.0,193.80321313227748,193.80321313227748,0.0,99.83939576652025,67.3919045157944,26.571912849962832,1446.5702937596368,1446.5702937596368,0.0,-7.662571510487851,0.0,-6.503657146682907,8.306698217071296e-07,0.0,1.3884769733744374e-05,-4.990824703288155e-06,0.19598997493734335,0.5019255455712451,0.010109048737649949,0.0981324848268128,0.010493531617536269,-0.0007262904509329806,-5.085802843060699e-05,0.0890515669961055,0.0890515669961055,0.46316178865658847,0.02315808943282942,0.0044525783498052755,0.018229433693173203,-0.016360463257116487,15.353867214236825,False,AUD_JPY,0.0,0.0,0,0
core_only,39,39,0,0.38461538461538464,1.1475528129563273,1.8360845007301236,49.384615384615394,,,2124.514079742541,0.02124514079742541,5611.052065157719,5611.052065157719,0.0,192.83895761850914,192.83895761850914,0.0,102.25491662477681,28.939653973548275,61.644387020184084,-3303.967887515524,-3303.967887515524,0.0,2114.2452200236858,0.0,1.6046216773356397,6.5203169588767544e-06,0.0,0.00014007648167284418,0.0014871717021487374,0.19280065448595582,0.5086330935251798,0.0824604776260556,0.07196236236031228,0.017540870371854856,0.2804868510688041,0.020665965559920563,0.070890401913065,0.070890401913065,0.3362941304661719,0.016814706523308597,0.0035445200956532507,0.01776380621530782,-0.011134669980407463,14.146475017111568,False,XAU_USD,0.0,0.0,0,0
core_only,45,45,0,0.4666666666666667,1.315149515551718,1.5030280177733923,64.91296296296298,,,4928.744766733726,0.04928744766733725,9109.715087748218,9109.715087748218,0.0,591.9890935360929,591.9890935360929,0.0,331.767720116039,0.0,260.2213734200539,-3588.981227478454,-3588.981227478454,0.0,4928.744766733671,0.0,2.178851890423769,1.279841388162335e-05,0.0,0.0002733170285205911,0.0031384125579494437,0.2884518406454866,0.5478927203065134,0.17588138338604747,0.059188643546543074,0.007633141282527601,0.7860346640729445,0.053023897320463996,0.08983814927715632,0.08983814927715632,0.3153699875474723,0.015768499377373613,0.004491907463857816,0.009131587066034674,-0.009549894992863406,15.353867214236825,False,NAS100_USD,0.0,0.0,0,0
core_only,42,42,0,0.42857142857142855,1.2949390056117465,1.726585340815662,66.07539682539684,,,3911.0048686489754,0.039110048686489755,7747.0470597933545,7747.0470597933545,0.0,545.2924980627516,545.2924980627516,0.0,285.83689062041464,0.0,259.455607442337,-3290.7496930816046,-3290.7496930816046,0.0,3911.0048686489986,0.0,2.019541671798526,1.029179898611398e-05,0.0,0.0002185581280746768,0.002501818893340557,0.2700453857791225,0.5392749244712991,0.14692140950795737,0.052956044697831994,0.0071451364528169635,0.6941652332921561,0.047243311082162086,0.10586347650537496,0.10586347650537496,0.41336440961439724,0.02066822048071986,0.005293173825268748,0.009672938893400485,-0.010666867434148797,15.353867214236825,False,SPX500_USD,0.0,0.0,0,0
core_only,44,44,0,0.22727272727272727,0.34801197556826025,1.1832407169320847,55.51136363636365,,,-11985.12871261379,-0.1198512871261379,-9977.485572661817,-9977.485572661817,0.0,284.7084360354906,284.7084360354906,0.0,142.3542180177453,0.0,142.3542180177453,-1722.9347039163695,-1722.9347039163695,0.0,-11985.128712613678,0.0,-4.9697505368912624,-3.2084567648725184e-05,0.0,-0.0006859208339799683,-0.008281802108807024,0.22136422136422138,0.4973973395026027,-0.40890698272958287,0.1384326996483486,0.025527035087565993,-0.850469201869572,-0.05982547569934515,0.08895541557000711,0.08895541557000711,0.3653356296008057,0.01826678148004028,0.004447770778500355,0.009521243599527551,-0.010110386227936474,15.351129363449692,False,UK100_GBP,0.0,0.0,0,0
core_only,43,43,0,0.27906976744186046,1.2443684957278196,3.2146186139635335,53.608527131782964,,,4324.450272202128,0.04324450272202128,7700.736023437662,7700.736023437662,0.0,629.6986170355019,629.6986170355019,0.0,339.06848609603963,0.0,290.6301309394623,-2746.587134199728,-2746.587134199728,0.0,4324.450272202432,0.0,2.280830649662965,1.1561342712603532e-05,0.0,0.00024719346446356845,0.0027611279041641623,0.2150971976773542,0.5123271196632592,0.13886876214347724,0.06781783990965162,0.013783210306973407,0.575033902942137,0.040713887493948435,0.06648888588736764,0.06648888588736764,0.3485563532231324,0.017427817661156617,0.0033244442943683814,0.013139740951983336,-0.013765908889945555,15.353867214236825,False,JP225_USD,0.0,0.0,0,0
core_only,42,42,0,0.30952380952380953,1.2332144599630384,2.7510168722252395,55.74702380952382,,,4461.282563931221,0.044612825639312216,7235.952361965514,7235.952361965514,0.0,313.88121703191126,313.88121703191126,0.0,196.14857013293118,0.0,117.73264689898008,-2510.5470960789116,-2510.5470960789116,0.0,4411.524048854691,0.0,2.561917513847552,1.1852026842821371e-05,0.0,0.0002576138053836711,0.0028467362465394164,0.21536905965621841,0.5083532219570406,0.14693734838013506,0.0856369972366835,0.012025095006429705,0.4931274472957282,0.033241897058482885,0.04053547634933236,0.04053547634933236,0.22038438853631706,0.022038438853631704,0.004053547634933236,0.018110952288049154,-0.007503353698331661,15.353867214236825,False,WTICO_USD,0.0,0.0,0,0
