scenario,variant,net_pct,cagr,sharpe,max_dd,net_core,net_ov,swap
CFD retail (base),CORE_ONLY,0.012787364305934856,0.0008279057799540634,0.0853440302703972,0.031814250147504275,15412.65991839618,0.0,-24334.327878936645
CFD retail (base),ORIGINALE,-0.004066018012338746,-0.0002653250904565141,-0.022079922609723263,0.038320899329286395,15561.478787287648,-20328.88513854821,-26823.76978695437
CFD retail (base),PROPOSTA,0.016110583295674497,0.0010414643966438764,0.10626823504287077,0.02916213906161813,15461.489780895015,3890.1605889696657,-24461.21239318088
finanziamento senza markup,CORE_ONLY,0.037532372393195734,0.0024026142140898266,0.23803067676345813,0.02739544624289947,45107.70587437712,0.0,5021.800055643541
finanziamento senza markup,ORIGINALE,0.022178724506190406,0.001429739576095601,0.14948586093786598,0.03188805134506478,44992.83576007932,-18264.535183656222,4488.334785155368
finanziamento senza markup,PROPOSTA,0.04130379729130418,0.0026395285814153624,0.26151963914361553,0.024617208358854503,45643.55060694939,3939.253737767761,5365.58219942962
"futures-like (no markup, costi esecuzione x0.5)",CORE_ONLY,0.03911638033699005,0.002502216745336794,0.24775118856292325,0.027042825705644202,47011.469755046426,0.0,5027.601859514027
"futures-like (no markup, costi esecuzione x0.5)",ORIGINALE,0.025894744660740043,0.0016664498064358213,0.17349131750342006,0.031008696322718188,46951.31208954102,-15759.452002468222,4500.011401073778
"futures-like (no markup, costi esecuzione x0.5)",PROPOSTA,0.04303596686734035,0.00274807176040448,0.2721352246942184,0.024225226264355082,47556.633739009616,4107.937171292501,5371.795471398289
"futures-like (no markup, costi esecuzione x0.5) rischio 2%/sleeve",PROPOSTA,0.0847696134830116,0.005313554574185142,0.2703948989793018,0.04783446873924224,,,
"futures-like (no markup, costi esecuzione x0.5) rischio 4%/sleeve",PROPOSTA,0.16283430487527428,0.009873992435672996,0.2653930684838827,0.0933298182687502,,,
"futures-like (no markup, costi esecuzione x0.5) rischio 8%/sleeve",PROPOSTA,0.28844769498567513,0.01664345497802522,0.250886234531148,0.17825551333330814,,,
