scenario,periodo,net_pct,sharpe,max_dd,gross_core,exec,swap,n_core,tempo_in_mercato,strumenti_pos
nessun target,IS,0.0001588630742344055,0.021709748711100728,0.11157641761830805,40158.19706993403,8386.710955903249,-41676.780559367,248,0.43418830157345045,8
nessun target,VAL,0.026508180745887344,0.2070107284484126,0.06263750781558708,58814.131421718215,4595.345260830013,-27951.49663441917,139,0.4700115967077354,7
nessun target,OOS,0.019068699670647282,0.1787410022150376,0.07328236283166423,53108.45270847036,3526.0504157742726,-27030.087026586527,110,0.4317454099386302,7
nessun target,FULL,0.04903869476863476,0.09732699135928426,0.11157641761830805,156154.18778372352,16352.631465904506,-98162.66036039859,489,0.44876337872947736,9
close_all 0.5%,IS,0.041361523536939115,0.4363741162057946,0.02131499622427746,86280.41656642221,28935.331054296385,-8090.053744545629,883,0.07205231249387035,7
close_all 0.5%,VAL,0.01805621868797913,0.4018901110733711,0.025007935072749676,38439.44412727725,14081.350676331906,-4634.215012034998,466,0.09700795075716369,8
close_all 0.5%,OOS,0.03749720577754512,1.053315717966694,0.016005929691280674,60689.06922555165,12277.16704829931,-5304.1994261070395,386,0.07683144070546548,7
close_all 0.5%,FULL,0.10934713569588439,0.6011880768294813,0.024442231420213067,201673.9044597588,56721.41102922671,-18796.147636374702,1736,0.0795115125967681,8
close_all 0.25%,IS,0.029431474359656873,0.4709075550108718,0.015661587741141236,73173.33743811627,34030.23530745947,-3825.332899067904,993,0.03113591066874931,8
close_all 0.25%,VAL,0.002854647081010686,0.09061020650134446,0.01854361951278527,21407.744520074004,16658.93556970508,-1871.1096029003643,542,0.03729860829065985,6
close_all 0.25%,OOS,0.011849816850128647,0.45224825267081165,0.011738166702674802,29853.442178212874,14131.886982015008,-2404.156163491494,445,0.03344744630645743,9
close_all 0.25%,FULL,0.04943426783523974,0.4030381910852411,0.017312036414405152,132054.98567564564,66036.47425089835,-8286.240901745696,1982,0.033069723553990786,7
close_all 1%,IS,-0.015183937332629571,-0.07051427881691057,0.06559218244492837,11233.40970231339,18767.94993222313,-16210.798758454439,593,0.2304213386448564,5
close_all 1%,VAL,0.019004637046322603,0.24134755837396552,0.03437965367560636,44456.187287640845,9191.713814425886,-12153.22919463262,310,0.26148645017495437,8
close_all 1%,OOS,0.03681446971237978,0.559260099570531,0.029025026606753546,66507.52851406179,7413.265107444759,-14347.07604549389,243,0.23571876485936058,7
close_all 1%,FULL,0.05650212843859603,0.17369600858623546,0.06559218244492837,142675.61289929025,35431.267352309165,-43967.68158464111,1141,0.2412012510162782,6
