regola,periodo,net_pct,cagr,sharpe,max_dd,lordo,esec,swap,n,in_mercato,strum_pos
base (tenuta lunga),IS,0.002008676524703601,0.0002514666841264557,0.027644337487278486,0.02916213906161813,12751.322974884122,1896.4065370079693,-10624.0445834595,248,0.43418830157345045,8
base (tenuta lunga),VAL,0.007105671513046419,0.0017765722082532243,0.20674013888869125,0.01604187048566308,15080.506347356295,1069.961494929173,-6921.457183804001,139,0.4700115967077354,7
base (tenuta lunga),OOS,0.005241139222751379,0.0015585762364047628,0.17760412490614672,0.0189999299442416,13761.776513527646,800.2511531702033,-6670.715672026792,110,0.4317454099386302,7
base (tenuta lunga),FULL,0.016110583295674497,0.0010414643966438764,0.10626823504287077,0.02916213906161813,43596.93922406072,3674.2370499848266,-24461.21239318088,489,0.44876337872947736,10
uscita dopo 1 giorno,IS,-0.007991077246295553,-0.0010048003073456213,-0.47891457944626376,0.011444517412531274,575.7863591800974,9071.295915740942,-1114.9054971053533,1077,0.044017003645606324,4
uscita dopo 1 giorno,VAL,-0.0019802917488896954,-0.0004968008378828381,-0.24039495495073884,0.004495473568333352,2982.4693275959553,4727.553828642784,-631.265597621173,602,0.04860694875149055,5
uscita dopo 1 giorno,OOS,0.0029905055783927548,0.0008899979123402346,0.40679585213905817,0.0021865001867682476,8215.497996798284,3791.172832662434,-835.7184700642039,480,0.04611159252187285,9
uscita dopo 1 giorno,FULL,-0.005954747211285083,-0.00038891738772184326,-0.1842987923006205,0.013027042700051061,12896.504750396374,17474.358718166397,-2567.8426857711984,2159,0.04559350069971823,4
uscita dopo 2 giorni,IS,0.0005137495351605903,6.435844567964644e-05,0.02123836616284024,0.008741739184940811,10333.90938296385,7680.872837472395,-2027.8450689629462,908,0.07399065491079905,7
uscita dopo 2 giorni,VAL,-0.0025845814168569126,-0.0006485476080538843,-0.24990441028057025,0.007760773388763353,2052.053618323815,3980.054724292399,-1173.4965942597662,515,0.08307762072261728,5
uscita dopo 2 giorni,OOS,0.0077579393629032545,0.0023049790377946966,0.7512808945257978,0.004706488457626112,13848.828174264909,3122.042810107398,-1417.2581286733894,396,0.07598978979166998,8
uscita dopo 2 giorni,FULL,0.005964327475983744,0.0003873788226582686,0.12804153942307878,0.008741739184940811,26557.262106862985,14770.055362282543,-4630.013773400004,1820,0.07673451880799641,8
uscita dopo 5 giorni,IS,-0.013908129864234176,-0.0017533844184447478,-0.3589409842962453,0.017928637108414636,-6801.786133048465,5780.986619222176,-3807.817308665303,698,0.14133044505391282,2
uscita dopo 5 giorni,VAL,0.0014897905453357119,0.00037326186658748206,0.09781241117453708,0.006007044009723184,6467.5397862130485,2963.977363002885,-2175.324917364196,382,0.15726794304714398,7
uscita dopo 5 giorni,OOS,0.0024682668307509648,0.0007347099577457161,0.16459817752130435,0.009936814251051751,7484.231751179346,2332.6704060823595,-2651.036111714714,301,0.1447714420508892,7
uscita dopo 5 giorni,FULL,-0.00837323237984966,-0.0005474961245103271,-0.11842334194212366,0.017928637108414636,8797.023841126344,10988.635324024832,-8600.677431796292,1379,0.14603742081000273,6
TP giornaliero 0.5 ATR,IS,0.0112066428837998,0.0013973598163878886,0.48661920429274763,0.00498049924657995,23005.75395748075,7220.147966590952,-1889.493192081296,889,0.06896720613536395,8
TP giornaliero 0.5 ATR,VAL,0.005657178056635459,0.001415181321644754,0.517103292923361,0.006208211533354491,11019.797703914672,3574.124557430314,-1119.2775872449579,471,0.09473094066932385,8
TP giornaliero 0.5 ATR,OOS,0.00850614829705143,0.0025266215921415647,0.9599840782830231,0.0034896538449178394,14041.52119692369,3041.3639869422555,-1265.1442960437425,392,0.07634272402967436,8
TP giornaliero 0.5 ATR,FULL,0.026472026944312166,0.0017031506938331997,0.6124135189318726,0.006169939671885172,49418.396279176464,13934.605807586491,-4320.638757579886,1753,0.07719930714953484,9
TP giornaliero 1 ATR,IS,-0.008671925727286367,-0.001090737341005621,-0.18535933565497442,0.018801520813248263,-2636.510730537191,4950.112994190417,-4052.080724290163,616,0.22419709862570306,5
TP giornaliero 1 ATR,VAL,0.003556005978984089,0.0008902569346689315,0.18067714439713006,0.01055184921264174,9510.359306900025,2412.9031121921103,-2997.306218205115,324,0.25468100639989205,7
TP giornaliero 1 ATR,OOS,0.008300249372899193,0.0024656394994835296,0.5247832735559492,0.00773640208784343,15300.102304801701,1951.3285478041175,-3175.4107639055183,260,0.221570624782358,7
TP giornaliero 1 ATR,FULL,0.005284919423954149,0.0003433602783964318,0.06646748759300393,0.018801520813248263,24682.047644715713,9239.68931194798,-10252.293592312388,1198,0.2323010182445593,7
TP 0.5 ATR + spread x3,FULL,0.015420827665535874,0.0009971926753604698,0.362330749894527,0.007052176244928154,48958.37917135385,26760.822669612637,-4281.99611897418,1753,0.07719930714953484,8
TP 0.5 ATR + slippage x3,FULL,0.017017205984020345,0.0010996129388034515,0.39892679761585265,0.0069421871384064415,49038.501278983786,24924.062871021924,-4286.5177520381785,1753,0.07719930714953484,8
TP 0.5 ATR + tutto peggiorato,FULL,0.005829994381658654,0.0003786776462868513,0.1385504710882231,0.008223376180589992,48647.83281018719,32055.10680151848,-10177.215023289218,1753,0.07719930714953484,6
