label,n_trades,n_core,n_ov,win_rate,pf,payoff,dur_core_d,dur_ov_d,wr_ov,net_profit,net_pct,gross_profit,gross_core,gross_ov,costs_exec,costs_core,costs_ov,spread,comm,slip,swap,swap_core,swap_ov,net_core,net_ov,gross_to_cost,daily_mean,daily_med,monthly_mean,cagr,pos_days,active_pos_days,sharpe,max_dd,avg_dd,recovery,mar,exp_net_avg,exp_gross_avg,exp_gross_max,margin_max,margin_avg,best_day,worst_day,years,halted
PROPOSTA,55,38,17,0.4727272727272727,1.3222693870909947,1.4748389317553403,61.347587719298225,17.568627450980394,0.5294117647058824,2651.997692005956,0.02651997692005956,4999.179865821719,4368.8948141209075,630.2850517008121,175.47320423252725,154.36708365877206,21.106120573755188,24.036961139480795,104.1032046940619,47.33303839898457,-2138.2363939225183,-2138.2363939225183,0.0,2076.2913365396175,609.1789311270569,2.160677325195898,7.2241423502501836e-06,0.0,0.0001573521705858324,0.001706198259342484,0.22982456140350876,0.5027412280701754,0.09949666087377486,0.06209383297852833,0.007565591453132972,0.39272207383949365,0.027477740984881333,0.14047711900660428,0.14363518871400888,0.8029871625789502,0.026766238752631673,0.0047878396238002965,0.010612980410762862,-0.009965560527880113,15.353867214236825,False
PROPOSTA,60,43,17,0.4166666666666667,0.7344546949533272,1.028236572934658,52.541666666666664,20.88235294117647,0.5882352941176471,-7112.590082771538,-0.07112590082771537,-4822.967268302505,-5206.455390742672,383.4881224401671,218.23400308580042,192.67335035380185,25.560652731998573,53.54168958932432,106.76875931923021,57.92355417724589,-2071.3888113834664,-2071.3888113834664,0.0,-7470.51755247994,357.92746970816853,-2.1064461962135304,-1.7935149288403305e-05,0.0,-0.0003888673474071313,-0.004793911350407409,0.21177944862155387,0.4739203589455973,-0.2698509814879669,0.08983101583845743,0.01686079774653043,-0.7767805200485961,-0.05336588154617188,0.12911668998584586,0.1338095060968409,0.5909474759416937,0.019698249198056458,0.004460316869894696,0.006334402083927548,-0.00675834789596319,15.353867214236825,False
PROPOSTA,58,38,20,0.43103448275862066,1.362186743931651,1.7980865019897794,65.82785087719297,18.554166666666667,0.55,5105.501770399715,0.051055017703997146,6237.01562401728,6105.332812408467,131.682811608813,234.8636349575116,193.8184809587251,41.045153998786496,79.62937861526035,91.15245767504624,64.08179866720502,-896.6502186600538,-896.6502186600538,0.0,5014.864112789688,90.63765761002651,5.512098330989853,1.3331380722342426e-05,0.0,0.0002867174072754408,0.0032483849067574955,0.24887218045112783,0.5097535934291582,0.1621084720002804,0.05467102093964682,0.010678537113344494,0.8625598536430146,0.05941694248482202,0.12096204266251084,0.12455368254714706,0.5813193183224332,0.029065965916121664,0.006227684127357354,0.01399696447454768,-0.011558068273250122,15.353867214236825,False
PROPOSTA,62,38,24,0.3870967741935484,1.3962046432070134,2.210657351744438,59.74561403508771,14.491319444444443,0.4583333333333333,3635.1014926242933,0.03635101492624293,6919.636182347783,7346.823891467098,-427.1877091193151,289.074505576252,236.19886599109648,52.87563958515554,86.57639815435118,117.10856727825117,85.38954014364968,-2995.46018414739,-2995.46018414739,0.0,4115.164841328611,-480.0633487044706,2.1067325621487027,9.83596699037007e-06,0.0,0.00021720035630141965,0.002328237782444287,0.22907268170426065,0.5072142064372919,0.11717965092333892,0.08533965104087093,0.014070930662631343,0.39941258047164957,0.027282016671585,0.15054858005576113,0.15433223077582342,0.8199972915459963,0.02733324305153321,0.005144407692527447,0.014022907113368843,-0.012729064206396523,15.353867214236825,False
PROPOSTA,52,35,17,0.46153846153846156,1.3574920978809821,1.583740780861146,61.75714285714287,20.28676470588235,0.5882352941176471,4124.142748836894,0.04124142748836893,4915.947086293965,4664.776134156758,251.17095213720694,159.0918728943626,138.35072068293044,20.74115221143217,59.96736546619677,81.31332963924467,17.811177788921174,-537.8811913046854,-537.8811913046854,0.0,3988.544222169142,230.42979992577477,7.053281308572957,1.0819156847911747e-05,0.0,0.00023447763554551945,0.002635617146381941,0.21679197994987467,0.5088235294117647,0.1461141397069676,0.04554665092901833,0.01081538056274637,0.8536168170984526,0.057866321510430904,0.10782725265426658,0.11027417195465247,0.6378672908383113,0.02126224302794371,0.0036758057318217485,0.017949154177842708,-0.012967890122768666,15.353867214236825,False
PROPOSTA,55,42,13,0.34545454545454546,0.9416833017039067,1.784242045333718,51.166666666666664,21.458333333333336,0.6153846153846154,509.02669468920794,0.005090266946892079,-834.6121134389779,-1277.5943434473038,442.9822300083259,218.0931683625804,194.82707740695872,23.266090955621664,113.72078820254964,74.74049607451731,29.631884085513445,1561.731976490784,1561.731976490784,0.0,89.31055563652149,419.71613905270425,-3.8268604179817007,2.1296745717481163e-06,0.0,4.150788800639769e-05,0.00033074370579000423,0.21303258145363407,0.5014749262536873,0.025807434435672436,0.09503345231169302,0.010238369727410773,0.04965812134838198,0.0034802871804048854,0.09169924243975586,0.09246389057937589,0.46316178865658847,0.02315808943282942,0.004623194528968794,0.018229433693173203,-0.016360463257116598,15.353867214236825,False
PROPOSTA,48,39,9,0.3958333333333333,1.4370996792950714,2.1934679315556354,49.384615384615394,18.115740740740744,0.4444444444444444,2598.52222923121,0.0259852222923121,6146.526151010674,5622.232726069034,524.2934249416402,206.06184504035835,192.9065469053516,13.155298135006758,109.149337577707,31.099473908480977,65.81303355417039,-3352.258599090597,-3352.258599090597,0.0,2077.0675800730855,511.1381268066334,1.7273672361770198,7.782706976197813e-06,0.0,0.0001673453281297023,0.0018150541005197418,0.20289064630488138,0.5102880658436214,0.09845245985732022,0.06663575247511044,0.017183661460541372,0.37089579026656005,0.027238442324151655,0.07180290178247203,0.07268807732983303,0.336294130466172,0.0168147065233086,0.0036344038664916506,0.017763806215307598,-0.011134669980407463,14.146475017111568,False
PROPOSTA,51,45,6,0.5294117647058824,1.632766547040358,1.4513480418136517,64.91296296296298,29.944444444444446,0.8333333333333334,5885.319632747822,0.058853196327478215,10199.419371496277,9190.202585482766,1009.2167860135097,622.2740853953427,595.7192061618696,26.55487923347311,349.62236082976625,0.0,272.65172456557644,-3691.825653353229,-3691.825653353229,0.0,4902.657725967667,982.6619067800366,2.364205741440487,1.5085918057247936e-05,0.0,0.00032249646106669754,0.003731506919590233,0.3010590015128593,0.5482093663911846,0.20743416287520966,0.056689915859969964,0.0076431841359211475,0.9711061950371555,0.06582311621007599,0.09086486959770444,0.091146942507328,0.3153699875474723,0.015768499377373613,0.004557347125366399,0.009131587066034674,-0.009549894992863517,15.353867214236825,False
PROPOSTA,47,42,5,0.48936170212765956,1.6131184076640777,1.6832539906059938,66.07539682539684,31.45,0.8,4238.812080159594,0.042388120801595944,8130.147560143218,7759.695750194383,370.45180994883447,564.4355856437471,545.2964531754778,19.139132468269295,295.76329760972095,0.0,268.6722880340262,-3335.4096662974885,-3335.4096662974885,0.0,3878.989630721417,351.3126774805652,2.084735940764894,1.1086170603395015e-05,0.0,0.00023566326196290072,0.002707495434700391,0.28164397377710537,0.5401353965183753,0.1582378150072861,0.048701311956879656,0.006866996844991174,0.8156162396301164,0.0555938911275659,0.1071284058733754,0.10743817715132892,0.41336440961439763,0.02066822048071988,0.005371908857566446,0.009672938893400485,-0.010666867434148908,15.353867214236825,False
PROPOSTA,48,44,4,0.2708333333333333,0.4085175361424246,1.0998549049988355,55.51136363636365,22.65625,0.25,-12171.965154040867,-0.12171965154040867,-10241.672692420803,-9953.269004902953,-288.40368751784916,292.20914255304706,284.26356544376694,7.945577109280096,146.2578341840706,0.0,145.95130836897644,-1678.6060318225298,-1678.6060318225298,0.0,-11916.13860216925,-296.3492646271293,-5.196668274926249,-3.2635316104075656e-05,0.0,-0.0006973889795275797,-0.008419075001447562,0.22651222651222652,0.499149177538287,-0.41694306756411176,0.14056313155363864,0.02583138250260743,-0.8506361854251039,-0.059895328941464696,0.08912595552638898,0.09005685073584968,0.3653356296008057,0.01826678148004028,0.004502842536792484,0.009521243599527551,-0.010110386227936474,15.351129363449692,False
PROPOSTA,52,43,9,0.34615384615384615,1.455654327905715,2.7495692860441285,53.608527131782964,19.615740740740744,0.4444444444444444,4891.289836343538,0.04891289836343538,8328.367998481084,7721.4143987523,606.9535997287844,679.5625690410965,630.843410130908,48.719158910188554,366.9129358776305,0.0,312.649633163466,-2757.5155930962123,-2757.5155930962123,0.0,4333.05539552518,558.2344408185959,2.423095316896192,1.292765431871232e-05,0.0,0.0002767481402324452,0.003115087105773684,0.22721534965917697,0.5142857142857142,0.15543344237564227,0.06367564321795227,0.012031625692089298,0.6896536191501723,0.04892117218370615,0.06733317036932879,0.06798045955853492,0.3485563532231324,0.017427817661156617,0.003399022977926746,0.013139740951983336,-0.013765908889945555,15.353867214236825,False
PROPOSTA,55,42,13,0.43636363636363634,1.4008842298297317,1.80947546353007,55.74702380952382,21.76923076923077,0.6923076923076923,4977.541014583534,0.04977541014583534,7835.3137819036,7254.884850501941,580.4289314016589,340.0651675251237,314.97228911516856,25.092878409955105,212.46171660533258,0.0,127.60345091979107,-2567.712026593491,-2567.712026593491,0.0,4372.200534793282,555.3360529917038,2.6946059683498502,1.3100739182334142e-05,0.0,0.00028452055696268736,0.003168789261582816,0.2287664307381193,0.5107223476297968,0.16217064017278535,0.0806571980768298,0.012606972779564728,0.5812882575310048,0.03928712299879788,0.04122474062108399,0.0417789870115922,0.2280953097219135,0.022809530972191346,0.00417789870115922,0.018110952288049154,-0.007503353698331661,15.353867214236825,False
