,net_pct,net_pct,net_pct,sharpe,sharpe,sharpe,max_dd,max_dd,max_dd
variant,CORE_ONLY,ORIGINALE,PROPOSTA,CORE_ONLY,ORIGINALE,PROPOSTA,CORE_ONLY,ORIGINALE,PROPOSTA
scenario,,,,,,,,,
base,0.012787364305934856,-0.004066018012338746,0.016110583295674497,0.0853440302703972,-0.022079922609723263,0.10626823504287077,0.031814250147504275,0.038320899329286395,0.02916213906161813
carry avverso +2%,-0.01734797300431823,-0.03371937557858584,-0.013834429738274978,-0.10568856089230873,-0.22140076894724867,-0.08331612698607054,0.04508755238991213,0.058711434161583975,0.04128504148684109
commissioni x2,0.012350423506857222,-0.005191625884297779,0.015603763509563162,0.0826107370319735,-0.02953300494001781,0.10310050486714578,0.03189720758531678,0.03905977048725118,0.029265783513065857
slippage x3,0.010452356614380154,-0.00937821471947109,0.013591648454113203,0.07071680514179039,-0.0572975401736055,0.09049666431931579,0.03235841857990984,0.041920876076377955,0.02975614339509336
spread x2,0.011313890366235757,-0.007473635998517136,0.01451153202808464,0.07611692533841188,-0.044657159421490074,0.09626055050970664,0.03215948931725854,0.04062990623233209,0.029539994229617395
spread x3,0.009843643802691648,-0.010864198647905554,0.012916157388729532,0.06690198048560717,-0.06717925551793413,0.08626598862918668,0.03250434528754109,0.04292868360718627,0.02991740719750935
swap x2,-0.012620992013256394,-0.031472483358255365,-0.009619655792975856,-0.07529450213702317,-0.20592926170632603,-0.05625173711599888,0.03912717308071845,0.05471318578518036,0.03567111560024838
tutto peggiorato,-0.01891550965667388,-0.04160447480325158,-0.01599162221407502,-0.11564874735550686,-0.27499347510877764,-0.0970772590844821,0.04477462296628487,0.0632267065802784,0.04137805661920957
zero costi (solo lordo),0.04201482022224412,0.031559237442315036,0.04597579264689977,0.2654941221527146,0.209934486407998,0.2901176114277451,0.02764027060709784,0.03084701576319715,0.02487028933490576
