scenario,net_pct,sharpe,max_dd,costi_esec,swap
base,0.026472026944312166,0.6124135189318726,0.006169939671885172,13950.03619590049,-4320.638757579886
spread x2,0.02091957940342315,0.48768898024337204,0.0066127816639197645,20400.255115438187,-4301.232716688707
spread x3,0.015420827665535874,0.362330749894527,0.007052176244928154,26787.88690183777,-4281.99611897418
commissioni x2,0.024956044475392458,0.5784715876498951,0.006276982883020477,15747.207756404725,-4318.8998413687905
slippage x3,0.017017205984020345,0.39892679761585265,0.0069421871384064415,24947.879762297944,-4286.5177520381785
swap x2,0.021869139456650366,0.5061363356570006,0.0065705676720456685,13905.221136909306,-9711.609085927701
carry avverso +2%,0.020928842012218007,0.48436660712434443,0.00679149146476099,13912.0446534361,-10873.215251438454
tutto peggiorato,0.005829994381658654,0.1385504710882231,0.008223376180589992,32087.317977898132,-10177.215023289218
zero costi (solo lordo),0.04314726959552595,0.9816215610012639,0.005164818895096124,0.0,1105.642636159252
