year,best,is_sharpe,oos_ret,fixed_55_4
2009,"(np.int64(80), np.float64(5.0))",0.40592845357599994,0.0005642210261616043,-0.0032139178858533457
2010,"(np.int64(100), np.float64(5.0))",0.42537392063985374,0.0005918014281962591,-0.0006639414000972899
2011,"(np.int64(100), np.float64(5.0))",0.3877088375516311,-0.009398049703721933,-0.009138001710107924
2012,"(np.int64(100), np.float64(5.0))",0.22669641495172477,-0.006611407103826683,-0.0024643415913063738
2013,"(np.int64(80), np.float64(5.0))",-0.33814188498544967,0.01813342596623735,0.014737168443031079
2014,"(np.int64(100), np.float64(5.0))",0.14775752186450591,0.002850685503397621,0.0007773954055270149
2015,"(np.int64(100), np.float64(3.0))",0.33161341037423153,0.000615091136910717,0.004064795728909276
2016,"(np.int64(100), np.float64(3.0))",0.5843574223549772,-0.007797261985759252,-0.01023299849259518
2017,"(np.int64(100), np.float64(5.0))",0.46877096032541904,0.0036540274957910235,0.005386985131287547
2018,"(np.int64(55), np.float64(3.0))",0.05749973793767784,-0.0007550081205714987,-0.00036715176739676725
2019,"(np.int64(55), np.float64(4.0))",-0.034375725486423925,-0.007681864331716248,-0.007681864331716248
2020,"(np.int64(40), np.float64(4.0))",-0.3938265944835727,0.007728399599948199,0.006781816045505762
